"Data Source","World Development Indicators",

"Last Updated Date","2025-10-07",

"Country Name","Country Code","Indicator Name","Indicator Code","1960","1961","1962","1963","1964","1965","1966","1967","1968","1969","1970","1971","1972","1973","1974","1975","1976","1977","1978","1979","1980","1981","1982","1983","1984","1985","1986","1987","1988","1989","1990","1991","1992","1993","1994","1995","1996","1997","1998","1999","2000","2001","2002","2003","2004","2005","2006","2007","2008","2009","2010","2011","2012","2013","2014","2015","2016","2017","2018","2019","2020","2021","2022","2023","2024",
"Aruba","ABW","GDP, PPP (constant 2021 international $)","NY.GDP.MKTP.PP.KD","","","","","","","","","","","","","","","","","","","","","","","","","","","","","","","2169949832.80698","2342740154.64923","2480548422.75457","2661819292.29095","2880192319.63175","2953554956.47606","2988577871.82626","3199179218.50475","3262906371.03499","3303302517.17602","3555110646.86675","3703785432.08401","3668786382.70893","3709528424.23265","3980091340.21122","3964842110.90432","4009542195.39676","4133418781.15287","4209298230.20474","3717747269.41532","3616124254.15126","3737960057.14955","3699055373.19706","3936959476.04352","3874496655.79669","3850334291.06464","3916545601.34322","4192604625.63319","4293104972.52697","4197263892.87771","3097084627.34777","3844492519.39592","4171963243.75766","4349844050.54879","",
"Africa Eastern and Southern","AFE","GDP, PPP (constant 2021 international $)","NY.GDP.MKTP.PP.KD","","","","","","","","","","","","","","","","","","","","","","","","","","","","","","","1055479902695.31","1055127228322.8","1031336840466.77","1022706051855.66","1039742649338.5","1086506983929.14","1146799002013.34","1193211193825.43","1215899673359.5","1249128435431.77","1289737167972.04","1336940536076.44","1389413314434.6","1433121004056.31","1515927071020.4","1612868516708.63","1722052111028.93","1840433287154.69","1925953022946.39","1944396977076.13","2048396369184.94","2137027381112.13","2199491396739.71","2295195424719.61","2394620940448.88","2474124255249.97","2539723878354.63","2614938373447.6","2689355818202.37","2753587184028.34","2681304181217.77","2805000858120.37","2908436936590.08","2963095972957.96","3053302452855.87",
"Afghanistan","AFG","GDP, PPP (constant 2021 international $)","NY.GDP.MKTP.PP.KD","","","","","","","","","","","","","","","","","","","","","","","","","","","","","","","","","","","","","","","","","32567375969.9946","29495629513.1972","37931379899.2707","41281584746.4411","41865355064.2988","46566715049.4503","49061481753.757","55844878995.5875","58036781460.4599","70451155676.9393","80569661676.7348","80913174277.9269","91231454557.6403","96341095375.7699","98965950294.897","100402257640.593","102671664129.973","105389386367.805","106642706595.941","110814146350.335","108208794210.783","85767546197.7544","80415503801.351","82238478027.9442","",
"Africa Western and Central","AFW","GDP, PPP (constant 2021 international $)","NY.GDP.MKTP.PP.KD","","","","","","","","","","","","","","","","","","","","","","","","","","","","","","","696693494873.506","705139523574.359","719712510288.903","711134511891.674","710830468453.259","726428368288.219","760533350071.872","794831111001.044","824677741507.969","838888700153.816","869564818429.083","914383994777.025","997772369833.455","1051655394476.33","1134136589248.17","1200271449274.37","1263885868840.31","1330232145192.67","1412654674294.31","1494522167562.78","1596771175727.97","1675763231011.71","1764798145790.81","1868168743677.43","1972684998861.79","2031385565641.57","2042057655961.07","2094856130654.29","2159623943544.34","2234491825449.88","2216272293564.54","2306546845821.81","2399961902149.8","2482181144006.9","2588818030248.88",
"Angola","AGO","GDP, PPP (constant 2021 international $)","NY.GDP.MKTP.PP.KD","","","","","","","","","","","","","","","","","","","","","","","","","","","","","","","85939173894.7711","86791139889.2773","81724029491.0565","62123814347.746","62955878002.4664","72399259721.0075","82205283157.5778","88185123454.5974","92322016743.7908","94336012046.8804","97217622732.544","101306594541.042","115150838445.243","118593848514.756","131579874934.174","151356330124.348","168837986250.5","192492188138.725","213993565542.684","215833910210.958","225327096983.953","233150573548.039","253066545188.451","265605013213.782","278413972399.103","281041007465.416","273790009952.672","273386955626.621","269788194480.114","267893544947.44","252789131669.92","255820605533.992","263609643364.336","266451617663.347","278239182845.942",
"Albania","ALB","GDP, PPP (constant 2021 international $)","NY.GDP.MKTP.PP.KD","","","","","","","","","","","","","","","","","","","","","","","","","","","","","","","18275992949.9279","13158323515.4492","12212620210.5443","13380074852.2998","14491004617.8637","16421544555.4693","17626283082.3547","15561968022.4081","16855171487.2823","18920052733.3018","20332029538.1139","22134205874.1831","23158664545.5944","24393777324.9209","25678417486.7845","26995931362.6176","28620811407.0012","30481190654.6425","32586545485.1159","33463368454.2523","34458286074.8104","35307171754.7483","35654640181.8418","36263346295.5434","37075727553.6156","37901665047.0069","39383216692.2835","40676236984.4843","42169632191.9134","43039413706.7578","41613192393.9176","45345719391.0897","47534419469.1299","49405667455.4306","51362981225.5407",
"Andorra","AND","GDP, PPP (constant 2021 international $)","NY.GDP.MKTP.PP.KD","","","","","","","","","","","","","","","","","","","","","","","","","","","","","","","2631759311.90244","2698763996.90569","2723841290.8748","2695745293.15108","2759989816.43446","2836096580.14852","2967967659.48467","3237093233.43958","3340511674.18327","3477441884.0993","3600138634.67129","3892446768.89736","4069411497.98481","4423214423.66702","4783072832.92882","5041253346.26448","5283671526.22279","5365736885.77917","5067445572.25505","4798726709.88385","4703953872.84549","4703574275.36736","4469597620.27972","4311034330.8461","4419002699.26687","4482377402.04324","4648659173.53205","4664746876.17637","4738858764.76253","4834372720.68675","4293699379.34509","4649508748.84024","5094216232.49801","5225828100.9848","5402033635.11601",
"Arab World","ARB","GDP, PPP (constant 2021 international $)","NY.GDP.MKTP.PP.KD","","","","","","","","","","","","","","","","","","","","","","","","","","","","","","","2521921569274.14","2482868499872.78","2640943547894.85","2726442906867.83","2810214675009.29","2889696164796.57","3035602641880.45","3197035926352.63","3371782972599.75","3476981047484.15","3691035445157.32","3775270189454.79","3820930867748.86","3950376125530.46","4304695942981.05","4534483655141.99","4805737111153.37","5030189364248.13","5318721422414.94","5386135110661.99","5645752617332.66","5895881125832.87","6116578909390.43","6253414550544","6423273946538.45","6672019650455.24","6925169328438.8","7051133004487.65","7255308427615.99","7418447795723.26","7131430817285.18","7434830070956.74","7955185932030.71","8076340573251.91","8211635999944.36",
"United Arab Emirates","ARE","GDP, PPP (constant 2021 international $)","NY.GDP.MKTP.PP.KD","","","","","","","","","","","","","","","","","","","","","","","","","","","","","","","205116039140.876","206880205165.4","213800233951.323","216496663143.731","231426594647.358","246904142534.985","261220642382.756","282615654347.823","283440876068.391","291666935833.943","323320685674.057","327844217009.064","335822164437","365376331079.237","400329826280.977","419766404594.753","461060168098.578","475742122784.261","490927032426.743","465188111511.719","472644379374.391","502024529755.823","511183870837.699","537027076390.38","559397969493.651","597363039159.308","630585329384.61","635220564855.619","643566816035.627","650699776835.631","618444247716.259","645375981350.196","693841762286.024","718949859453.934","745993988412.78",
"Argentina","ARG","GDP, PPP (constant 2021 international $)","NY.GDP.MKTP.PP.KD","","","","","","","","","","","","","","","","","","","","","","","","","","","","","","","557088925124.231","607968472614.51","656224702857.102","710080926887.272","751522674939.001","730140279566.018","770492868120.735","832987905019.268","865059429174.392","835773213823.75","829178972033.759","792621800475.08","706269738674.223","768683083609.037","838091886093.454","912276929668.686","985689236302.599","1074476681421.66","1118070705029.3","1051897409980.83","1158406210935.09","1227956360246.09","1215352364993.03","1244585524448.65","1213313877880.72","1246451419104.46","1220521143173.66","1254921567938.2","1222075295207.81","1197623267200.44","1079052757506.56","1191725417699.43","1254527913254.77","1234317448237.57","1213098233451.83",
"Armenia","ARM","GDP, PPP (constant 2021 international $)","NY.GDP.MKTP.PP.KD","","","","","","","","","","","","","","","","","","","","","","","","","","","","","","","21801542439.2043","19250762304.759","11203943132.7907","10217996272.3038","10769768354.9844","11512882201.2876","12188158880.2036","12592937350.635","13512221775.6837","13958125094.3598","14781654475.3627","16200693304.8905","18339184820.8016","20906670695.9981","23101871118.8312","26313031204.1439","29786351322.9505","33867081454.6554","36203910075.1721","31099158754.3195","31783340246.9814","33277157238.1681","35673112559.6373","36850325274.1053","38176936984.1905","39398598967.2899","39477396165.156","42438200878.1907","44644987323.7094","48038006359.6591","44579269902.145","47164867556.762","53107640868.8087","57515575060.7049","60908993989.5524",
"American Samoa","ASM","GDP, PPP (constant 2021 international $)","NY.GDP.MKTP.PP.KD","","","","","","","","","","","","","","","","","","","","","","","","","","","","","","","","","","","","","","","","","","","","","","","","","","","","","","","","","","","","","","","","","",
"Antigua and Barbuda","ATG","GDP, PPP (constant 2021 international $)","NY.GDP.MKTP.PP.KD","","","","","","","","","","","","","","","","","","","","","","","","","","","","","","","1329089237.51845","1358021545.47963","1373754914.64808","1446287619.53479","1542847660.8934","1475582825.14792","1573044257.44848","1659109532.84019","1737606636.23234","1802032675.8295","1913822712.19418","1826779954.41738","1845545274.936","1957692355.7647","2070594497.83697","2204638354.72935","2484807048.41132","2716271365.28872","2715890908.07296","2390992152.19408","2203526249.02176","2160364841.19134","2233237030.97826","2219815671.04401","2268613698.85554","2300864764.37569","2395668849.3539","2460656794.99278","2625816198.94599","2709112916.44459","2197936454.54413","2377570792.25983","2594115333.09169","2657083928.89311","2772069805.87014",
"Australia","AUS","GDP, PPP (constant 2021 international $)","NY.GDP.MKTP.PP.KD","","","","","","","","","","","","","","","","","","","","","","","","","","","","","","","617847648621.41","615485862957.577","618121924554.201","643135638571.314","668734934843.105","694721481116.115","721564747408.027","749801360543.87","784766207088.24","824221772852.574","856543653829.471","873889566768.973","908666750833.012","936751476610.192","976322526977.807","1007117375129.8","1034866944503.98","1073915803621.98","1112429291182.38","1133482636467.42","1158645727308.34","1186535259000.63","1233008397315.4","1265093660382.32","1297926435201.99","1326353221353.02","1362952426087.29","1394022177805.79","1434148684009.84","1465291868872.82","1463539515544.78","1494437295625.78","1557837087559.46","1611457718603.37","1634519491771.55",
"Austria","AUT","GDP, PPP (constant 2021 international $)","NY.GDP.MKTP.PP.KD","","","","","","","","","","","","","","","","","","","","","","","","","","","","","","","332534700946.621","343979306621.826","351180597427.235","353030651123.059","361510865466.38","371155917113.375","379379867929.066","387520734127.704","401056368460.699","416143805650.687","429416807753.224","435072173415.825","441530248911.306","446570603897.867","458026280164.258","468654162313.448","483976041628.042","502247224632.161","509546411781.172","491272728555.347","500159765900.44","514801783004.51","518036005847.01","516737152698.048","520642646157.299","527429344454.776","538596182148.767","550834433468.823","564518378915.863","574425542090.663","538131871027.201","563937063927.258","593701067125.325","588031444397.695","581130657036.073",
"Azerbaijan","AZE","GDP, PPP (constant 2021 international $)","NY.GDP.MKTP.PP.KD","","","","","","","","","","","","","","","","","","","","","","","","","","","","","","","77320440961.5887","76779197739.0059","59427098799.3491","45699439738.0564","36696649543.0211","32366445224.3955","32787208819.6152","34688866979.6641","38157753542.8771","40981427800.9427","45530365935.8146","50037872022.6363","54760904902.3632","60351062363.575","65935829772.9982","84372501915.7725","113452505071.535","142341161388.804","157417136241.41","172166339204.334","180411097171.413","177573234904.735","181485064990.284","192089991884.278","197463873517.474","199536348430.176","193423355945.474","193720482550.318","196627067977.3","201503043576.527","193042009781.433","203884098954.124","213496582562.55","216388345347.113","225198384995.517",
"Burundi","BDI","GDP, PPP (constant 2021 international $)","NY.GDP.MKTP.PP.KD","","","","","","","","","","","","","","","","","","","","","","","","","","","","","","","7799958297.46631","8189709456.59676","8272425388.69772","7756226044.32796","7459162587.12507","6868396909.94521","6318925157.29102","6218454247.48862","6513830823.93938","6448041132.8457","6392790185.90594","6524213620.96985","6814314046.1228","6730925379.84221","7056275277.3296","7119781754.8892","7505233008.23771","7764309791.27688","8141788511.19378","8452214175.39105","8885319152.80728","9243628531.93661","9654665547.09098","10130079612.68","10559660855.4562","10147834073.5944","10086946976.8972","10137381839.1223","10300587140.1404","10487292010.8126","10521601909.4771","10847771568.5348","11048346804.0333","11342844863.7021","11738623007.857",
"Belgium","BEL","GDP, PPP (constant 2021 international $)","NY.GDP.MKTP.PP.KD","","","","","","","","","","","","","","","","","","","","","","","","","","","","","","","415225353062.173","422836742767.23","429308913461.154","425179506605.74","438899927913.281","449366625758.738","455304700797.387","472577466177.307","481848644045.403","498919182634.087","517462537373.483","523152574188.301","532082235675.713","537605010811.4","556803997081.452","569731526672.539","584273017295.449","605756295746.54","608463451711.934","596863454662.895","613040313529.12","624879072343.677","626227583952.988","628140675086.738","639230752358.017","648654064142.456","656395768106.755","666074111137.447","678582772956.989","695159803963.389","661840906422.094","702925341289.817","732865467283.813","741672251377.257","749229139749",
"Benin","BEN","GDP, PPP (constant 2021 international $)","NY.GDP.MKTP.PP.KD","","","","","","","","","","","","","","","","","","","","","","","","","","","","","","","11656583104.9364","12149166926.2602","12508504151.8532","13238521979.4165","13505993136.7465","14322457251.5743","14941800983.3964","15798666707.4387","16424453813.4141","17301757698.4924","18315245216.9866","19292022099.3023","20187756640.9639","20882937540.2307","21807985798.8406","22181592483.5838","23056376559.0627","24436611800.8323","25633169334.4503","26227677415.8337","26782147492.6578","27575904170.7536","28902642501.7287","30981156880.988","32950839416.3041","33536755116.7638","34656773215.4406","36622353578.7467","39075045480.191","41757815652.7983","43364987288.175","46467947984.7692","49373564169.2145","52510156788.1442","56423799507.9997",
"Burkina Faso","BFA","GDP, PPP (constant 2021 international $)","NY.GDP.MKTP.PP.KD","","","","","","","","","","","","","","","","","","","","","","","","","","","","","","","10147246626.4723","11067600318.4869","11093355815.5061","11477339562.9845","11628267412.8817","12292982651.9561","13647023204.9982","14509083107.0829","15569366222.1532","16720757878.4085","17036525024.9961","18163219549.8152","18953857927.1605","20432731533.6007","21347801635.5542","23196921150.2789","24647462832.3919","25660813447.6573","27149138508.3087","27953282649.4762","30314295612.087","32321878819.7076","34407503766.8525","36400587615.628","37975584844.5378","39464694412.0733","41815991712.8466","44410042330.9491","47343134249.8795","50131268465.3998","51139294287.7971","54689652540.5665","55508487752.6131","57151639723.4798","60000707833.4573",
"Bangladesh","BGD","GDP, PPP (constant 2021 international $)","NY.GDP.MKTP.PP.KD","","","","","","","","","","","","","","","","","","","","","","","","","","","","","","","231057491642.193","239110371611.813","252124397255.285","264003393854.592","274273459684.511","288319765753.339","301360235844.557","314890998518.98","331192990133.438","346660220655.243","365009967807.802","383542574281.815","398244236516.444","417119290521.284","438974393023.351","467665517646.591","498867716635.171","534080790061.383","566199285910.257","594764746496.571","627903778372.382","668493859146.43","712089410611.241","754911659700.223","800667303501.53","853132148522.175","913819518032.847","974042508801.188","1045336699213.33","1127729250889.44","1166613553390.4","1247561124482.2","1336135828193.28","1413299173688.33","1472986459828.03",
"Bulgaria","BGR","GDP, PPP (constant 2021 international $)","NY.GDP.MKTP.PP.KD","","","","","","","","","","","","","","","","","","","","","","","","","","","","","","","130382676875.104","119371396687.806","110690245571.225","109051792097.008","111034366019.892","114212190827.142","120157383385.112","103196711530.377","107106958964.179","98114160969.1359","102614878790.417","106538568399.081","112794439825.955","118701657931.066","126429640551.335","135350957495.882","144558326824.917","154177798270.758","163628217070.786","158151349329.057","160611171578.128","163968226567.561","165196045074.112","164299440891.33","165859380265.382","171494541044.439","176685044439.443","181536685802.737","186164898884.333","193218408334.804","187005011647.733","201555151287.05","209695515554.647","213652081659","219657473662.759",
"Bahrain","BHR","GDP, PPP (constant 2021 international $)","NY.GDP.MKTP.PP.KD","","","","","","","","","","","","","","","","","","","","","","","","","","","","","","","21547623542.9407","23967421295.4797","25570841331.3228","28861810335.4429","28789655410.9651","29921086678.5728","31150845231.2916","32114340635.5879","33652618705.9848","35099680719.4909","36959988157.876","37880642522.1453","39149095031.5121","41614094816.0339","44519158861.3608","47532659557.3472","50606596422.5285","54803887940.4744","58226396743.3597","59705280668.7909","62293086037.1284","63494195104.0003","65908897751.0461","69397206737.5295","72387433086.8861","74202817290.9218","77033649779.8554","80849769947.2943","82509283148.6207","84203097859.2666","79225547127.628","82671890844.1512","87781147010.6722","91185401848.1927","93936691918.218",
"Bahamas, The","BHS","GDP, PPP (constant 2021 international $)","NY.GDP.MKTP.PP.KD","","","","","","","","","","","","","","","","","","","","","","","","","","","","","","","9126074162.89401","8744441360.32117","8409915559.66366","8435801834.47533","8701438145.80755","9082452545.67614","9466052686.57894","9587952083.48449","10040196468.8088","10757478536.9845","11203743853.6175","11497955268.1869","11808969927.5266","11659596297.6349","11762477514.0821","12161941155.0969","12468007619.6576","12648307466.9182","12354405314.5226","11838556008.8095","12020711429.1123","12094418913.8415","12641101658.2713","12279151518.9249","12505985014.5866","12630638288.0615","12484594380.9065","12905479581.8187","13215020091.4639","13104139293.4573","10471575966.1483","12313201284.2481","13652564214.7989","14068800174.3668","14544115517.8483",
"Bosnia and Herzegovina","BIH","GDP, PPP (constant 2021 international $)","NY.GDP.MKTP.PP.KD","","","","","","","","","","","","","","","","","","","","","","","","","","","","","","","10735823007.9354","9732235589.28154","9105780566.24145","8907151759.31243","9898692818.93387","11479345879.2165","17701071009.5142","24186943178.1512","28205936236.2476","30891584251.541","32564152224.8412","33353283614.994","35030101340.0537","36384763978.9497","38686197145.4406","40193867105.7305","42369964506.075","44851626858.3288","47293273640.7215","45872368076.2686","46269471065.6477","46713431844.5616","46329523823.3045","47418201225.9165","47965336658.5704","50034921315.1926","51657181159.2141","53332992268.5381","55374312123.8692","56973158639.3459","55255363697.7773","59338714265.9436","61846849574.2959","63080320175.5326","64644741816.5155",
"Belarus","BLR","GDP, PPP (constant 2021 international $)","NY.GDP.MKTP.PP.KD","","","","","","","","","","","","","","","","","","","","","","","","","","","","","","","125855114625.444","124344858655.334","112407750782.487","103864759443.75","91712578582.2119","82174470041.8543","84475358964.102","94105554456.75","102010413023.167","105478766250.594","111596538139.696","116869816097.412","122766211005.286","131412871570.454","146459307804.963","160226484973.142","176249125007.628","191406561392.637","210930029736.794","211351879702.312","227731686449.593","240370737483.727","244475915301.02","246917543398.81","250994459910.067","241382449970.428","235284051667.171","241241875602.159","248839058943.739","252438405140.543","250740143565.292","256855349956.29","244890010824.577","254995495252.449","265220428356.764",
"Belize","BLZ","GDP, PPP (constant 2021 international $)","NY.GDP.MKTP.PP.KD","","","","","","","","","","","","","","","","","","","","","","","","","","","","","","","1509229599.5401","1687027060.47525","1901803195.12936","2018535873.24755","2018136103.80194","2032927573.28952","2055414604.6051","2142464401.38673","2225816330.79647","2435595347.38045","2733723411.44429","2870244677.12019","3025155337.29416","3317586686.75806","3476195214.30393","3553350717.30671","3713658264.99642","3838186447.30401","3773623681.83795","3758932154.71178","3800808004.13945","3791513364.52901","3933231632.99785","4108430592.53654","4274035085.38058","4396964189.90574","4399362806.5794","4319608802.18015","4367581135.65338","4553973639.66916","3920838780.18393","4616637500.26857","5062280489.76259","5120446944.09888","5537855017.18835",
"Bermuda","BMU","GDP, PPP (constant 2021 international $)","NY.GDP.MKTP.PP.KD","","","","","","","","","","","","","","","","","","","","","","","","","","","","","","","4590185345.38926","4427950656.44693","4425305477.79097","4558443763.51373","4585776801.63321","4787511925.21814","4912009996.49314","5137962497.72207","5338343039.97476","5518920341.71899","6033126782.14776","6468865474.88561","6373269189.12062","6590642706.88919","6743629135.8445","6856531387.14938","7236648325.58591","7478724322.30957","7339174630.08064","6926221459.19911","6752866566.01595","6500124036.35431","6155273013.91577","6138056189.30173","5910882580.79991","5956723230.72066","5917575270.12109","6131283757.29927","6104747481.47019","6123495555.42821","5705409424.09851","5968282122.23481","6354801543.59174","6667280834.70371","6807651686.68623",
"Bolivia","BOL","GDP, PPP (constant 2021 international $)","NY.GDP.MKTP.PP.KD","","","","","","","","","","","","","","","","","","","","","","","","","","","","","","","36538326982.6032","38462627717.1272","39095914183.6894","40765034529.6888","42667646760.3835","44663757293.3077","46611696477.6792","48920937219.8357","51381344702.3028","51600684172.7671","52894731707.967","53785372738.8102","55122243535.5747","56616794883.6066","58979581087.2093","61587323823.4941","64541673181.502","67487603159.0697","71637077004.9382","74041933375.039","77097438566.4818","81109660540.733","85264320876.3761","91058893867.2337","96031228058.5687","100695644556.352","104989227153.549","109393741860.696","114014121816.519","116541479284.778","106358219596.122","112858166789.685","116927471619.142","120531135615.935","122200109507.066",
"Brazil","BRA","GDP, PPP (constant 2021 international $)","NY.GDP.MKTP.PP.KD","","","","","","","","","","","","","","","","","","","","","","","","","","","","","","","1884169357425.44","1903617557305.84","1893260506241.88","1986497717136.91","2102764853268.8","2191581301268.73","2239990352767.53","2316034575352.12","2323865039642.62","2334739277157.34","2437186456368.9","2471060823210.57","2546513722962.3","2575565089958.24","2723916728335.27","2811140139216.53","2922517194189.03","3099910206337.3","3257825690916.84","3253726955188.17","3498674867880.87","3637727009304.74","3707614147035.21","3819021377420.85","3838267554873.44","3702171668999.07","3580891601337.74","3628262108190.7","3692978213439.46","3738061272499.81","3615574020935.6","3787769507585.78","3902034936461.01","4028525459920.96","4165328804627.36",
"Barbados","BRB","GDP, PPP (constant 2021 international $)","NY.GDP.MKTP.PP.KD","","","","","","","","","","","","","","","","","","","","","","","","","","","","","","","4389884980.45741","4218683552.64831","3978534106.84269","4010086597.74854","4090720719.31504","4173107759.77543","4339050404.10809","4544725876.7021","4714174358.82252","4729950628.86747","4940300502.66112","4823439439.80508","4861419299.9885","4967178543.18329","5037295151.3865","5236543205.5189","5554429980.96923","5669916792.79233","5705833481.20919","5419556102.58952","5299366018.54009","5260604624.09112","5244122563.18964","5191136900.81965","5195414681.98675","5151456355.18413","5243766864.27155","5250502273.14038","5188857958.70551","5222719689.0891","4436472511.25397","4425161020.06509","5214293923.41486","5427757736.63078","5634012547.93553",
"Brunei Darussalam","BRN","GDP, PPP (constant 2021 international $)","NY.GDP.MKTP.PP.KD","","","","","","","","","","","","","","","","","","","","","","","","","","","","","","","30166243010.9338","31044278635.6021","30075505033.0829","29884931646.0164","30181609718.7749","30588244682.3254","30579889426.826","32519860855.3977","30354961859.7054","31648302533.9456","32747978585.697","33228083767.9709","34544394076.2845","35782267885.8421","35819674110.5465","35818268120.7388","37286248538.0044","35882934534.8187","34483245024.5781","33827975829.3173","34755323894.0047","36056704461.8118","36385950967.0723","35612828398.7822","34719698828.0046","34583464462.7432","33726514652.9977","34174647795.1643","34192545418.5773","35515401716.6394","35917994865.5525","35346624879.392","34771064638.0763","35163158528.8306","36640142252.3422",
"Bhutan","BTN","GDP, PPP (constant 2021 international $)","NY.GDP.MKTP.PP.KD","","","","","","","","","","","","","","","","","","","","","","","","","","","","","","","2010284101.73056","2002084640.92525","2094198377.9646","2135796834.24767","2241550894.04795","2400120837.16429","2533691711.12436","2669848212.92984","2827743862.1805","3053510134.54544","3155957487.60289","3387237866.8337","3740993528.13294","4032288249.08933","4240243731.6635","4534307664.85762","4790079125.31122","5561511005.30764","5813416797.51818","6259160087.80709","7005995172.77908","7600752212.39253","7993317392.44933","8132108591.23954","8610364850.97851","9183884143.93099","9962304965.18771","10170202850.8859","10526350322.3541","11132157416.348","9994629330.03013","10436528611.9245","10980675420.6109","11516817215.7434","",
"Botswana","BWA","GDP, PPP (constant 2021 international $)","NY.GDP.MKTP.PP.KD","","","","","","","","","","","","","","","","","","","","","","","","","","","","","","","13737121067.1491","14761732982.6653","15192343094.6624","15483444652.0444","16045171041.42","17173212390.6798","18174376329.0011","19687555070.9951","19774901583.8336","21686588918.6769","22117652343.1036","22173073418.1583","23518874955.5387","24606833357.2703","25272650395.438","26424235521.1382","28634324517.3902","30292983736.5049","31278133668.7615","26854081059.0387","29571639765.2715","31593869884.1802","31539889509.0757","35041734070.6539","37038112197.9447","35241272984.2549","37780203980.5696","39334624593.1711","40982231020.1411","42224719386.9793","38538973283.1063","43131382324.765","45497577319.2425","46957170593.6146","45553212803.1718",
"Central African Republic","CAF","GDP, PPP (constant 2021 international $)","NY.GDP.MKTP.PP.KD","","","","","","","","","","","","","","","","","","","","","","","","","","","","","","","4254024013.57752","4230518701.45514","3958746871.83074","3972019587.50868","4166646537.85194","4466646986.79807","4287976954.96817","4515236990.05924","4727459557.33197","4897646915.00793","4775723303.89492","4988946886.03721","5169374255.08257","4890358043.7725","5183529346.83071","5230606705.4001","5480163419.84512","5732663859.49915","5850420282.78479","6352811108.50702","6646998256.28472","6925814264.62087","7275828382.42044","4628010583.77193","4631762535.80156","4832647682.81084","5062213759.5644","5291394260.22005","5491908660.98135","5662157829.47177","5713117249.75906","5769272621.61696","5795459458.59575","5836025842.85662","5925879191.97262",
"Canada","CAN","GDP, PPP (constant 2021 international $)","NY.GDP.MKTP.PP.KD","","","","","","","","","","","","","","","","","","","","","","","","","","","","","","","1120801922796.48","1097365337052.13","1107137004254.31","1136561460981.26","1187639093309.48","1219495471948.22","1240092277610.05","1293170296014.76","1343511948452.21","1412581945244.22","1485168021955.29","1513016379420.16","1558395604128.98","1586546230479.85","1635608012462.46","1688118461712.15","1732650077166.73","1768167751446.19","1785768204658.82","1733711521883.99","1787297187601.06","1843368175269.74","1875731476781.95","1919357493594.25","1974509593521.01","1987343333305.37","2007982905874.52","2068901792299.98","2125651012259.85","2166217615236.3","2057078515077.34","2179485548675.88","2270784989049.25","2305499512574.39","2340729415083.26",
"Central Europe and the Baltics","CEB","GDP, PPP (constant 2021 international $)","NY.GDP.MKTP.PP.KD","","","","","","","","","","","","","","","","","","","","","","","","","","","","","","","1915427881598.03","1707212727726.54","1621343599629.6","1625364410793.73","1684724868202.6","1780980332248.89","1860780064004.33","1890118291710.48","1936652789044.97","1969134769507.41","2046319506367.76","2109430637789.06","2186272114610.16","2272186559466.74","2410418889281.27","2528087422590.21","2696601715994.73","2867226548642.51","2989616097997.83","2883536539949.47","2919732685188.53","3026928029420.98","3054393401578.98","3074143766324.39","3175332781879.59","3301104256752.94","3394273832158.82","3571867146408.12","3754808888401.12","3907069650295.99","3777893308846.2","4024398935016.4","4189769625249.6","4224591869152.41","4306748946242.95",
"Switzerland","CHE","GDP, PPP (constant 2021 international $)","NY.GDP.MKTP.PP.KD","","","","","","","","","","","","","","","","","","","","","","","","","","","","","","","429865465276.507","425928685916.704","425742414487.746","425206049461.515","430605136437.395","432675771746.154","434714886233.391","444545203934.929","458014787166.894","465630203839.485","484063199415.652","491690399241.363","491330397018.135","491171213705.283","504441231227.387","518311847253.687","539425945956.429","560551893013.236","576292098193.45","563052510335.878","581314539446.072","591854401636.592","598833867469.113","609565832737.812","623889906953.519","634150571985.999","647269179490.259","656090161634.552","674857265070.437","682564014843.147","667945287968.94","705080509164.276","726543590171.716","731508267222.482","741034943164.658",
"Channel Islands","CHI","GDP, PPP (constant 2021 international $)","NY.GDP.MKTP.PP.KD","","","","","","","","","","","","","","","","","","","","","","","","","","","","","","","","","","","","","","","","","","","","","","","","","","","","","","","","","","","","","","","","","",
"Chile","CHL","GDP, PPP (constant 2021 international $)","NY.GDP.MKTP.PP.KD","","","","","","","","","","","","","","","","","","","","","","","","","","","","","","","147172763036.257","158587779669.046","176828437354.071","188650451778","198227864981.982","216574701463.885","231983693958.038","249131323760.696","259547221959.492","258837019267.071","271705416136.621","280275099853.599","289251748327.894","302913817845.164","323131055958.837","341992363428.016","362682870039.799","381427158507.514","395880931813.472","391454835583.877","414361406471.93","440150832727.996","467243613076.906","482702406549.607","491355568689.018","501929257996.829","510728272382.438","517662406507.422","538317289123.074","541732199234.256","508451018132.847","565981846554.521","578173059090.967","581187468274.136","596555875617.396",
"China","CHN","GDP, PPP (constant 2021 international $)","NY.GDP.MKTP.PP.KD","","","","","","","","","","","","","","","","","","","","","","","","","","","","","","","1892271367560.09","2069420176441.64","2365339209451.12","2694809153240.02","3047093716345.3","3383273842295.33","3720796004661.86","4066370385606.02","4388459129025.54","4727994346043.03","5133960366384.9","5560727951418.39","6074727904441.69","6689380589777.04","7367108987395.51","8211249902415.96","9251999154576.55","10561155692920.1","11582445416831.7","12671507980510.5","14014215429607.2","15340147423340.5","16545296138278.3","17832309075487.5","19162938196730.9","20500277500109.2","21889285206099.4","23397734154416.1","24978653070010","26494483218696","27114504049776","29438240129870.1","30360890176120.6","32004884803945.3","33597882047418.8",
"Cote d'Ivoire","CIV","GDP, PPP (constant 2021 international $)","NY.GDP.MKTP.PP.KD","","","","","","","","","","","","","","","","","","","","","","","","","","","","","","","64063495622.484","64089713718.0807","63932975522.8212","63809914071.8432","64327544357.2551","68911360958.1642","74237745675.6266","81400827010.7104","84871681712.3883","85862015402.3599","85633803213.3227","83789240395.7837","81501353004.0622","77649707795.0553","80122880670.5141","80920957094.4427","83199350239.2588","84115732649.5223","88138707177.7418","91314628222.062","97567899071.286","92328066528.4805","99363845372.1675","110055606909.495","120370018325.665","129030580269.806","138285633654.093","148533653433.383","155727355215.77","166194369560.793","167357279085.387","179178274483.428","190645475535.602","202942981804.875","215018089222.307",
"Cameroon","CMR","GDP, PPP (constant 2021 international $)","NY.GDP.MKTP.PP.KD","","","","","","","","","","","","","","","","","","","","","","","","","","","","","","","51192848469.4072","49243117963.6864","47716579725.7047","43931668854.7992","44756182468.9157","46051427006.0364","47992527880.2293","50165300201.7225","52535878944.3715","54905932268.9424","57010156987.347","59475425081.572","62138155821.9261","65526644958.2901","70145528271.0204","71708560180.5984","74440357496.4561","77661830226.2754","79873388993.9853","81933524799.2723","84308797938.1703","87157770352.3957","91189670263.5506","95745076833.6667","101221521111.431","106957697125.582","111809078187.605","115768435044.329","120347671976.682","124529825764.752","124853519772.037","129022200845.744","133843481810.674","138191179830.771","143263822679.332",
"Congo, Dem. Rep.","COD","GDP, PPP (constant 2021 international $)","NY.GDP.MKTP.PP.KD","","","","","","","","","","","","","","","","","","","","","","","","","","","","","","","79677843436.7892","72968131207.578","65306471181.3189","56510309573.2391","54306409306.4474","54686553536.0959","54127015681.4623","51086675988.1484","50256949673.7382","48110907145.2377","44785997321.1114","43845413886.4461","45137873731.5951","47655584123.5075","50866795581.8206","53987550378.7193","56860216902.2796","60419369536.0526","64181015601.1775","66013424678.9329","70705643442.004","75566423729.3102","80921739816.6562","87785486697.0725","96099025196.6669","102745394379.215","105210666253.396","109131812716.167","115484507692.662","120547959277.788","122639976008.026","130243843399.282","141867387282.322","154080877941.82","164367209943.232",
"Congo, Rep.","COG","GDP, PPP (constant 2021 international $)","NY.GDP.MKTP.PP.KD","","","","","","","","","","","","","","","","","","","","","","","","","","","","","","","20709745611.1503","21205820117.027","21759705123.1923","21546528945.828","20362961790.3261","21174491870.6613","22082979539.5213","21945002399.7772","22765208444.8047","22177365378.4643","23857518231.7228","24764724673.0889","25899412178.5963","26110042793.8187","27017792797.8924","29113227688.4904","31438279446.956","29358953277.7384","31210439248.1357","34842488218.4079","38302788206.1274","39147716827.6844","43041800172.356","42735155559.2203","45575361950.4456","45764587690.9234","41789821841.049","39451775871.4041","38542681577.0867","38976083979.3992","36533151792.0523","36903988991.0873","37448454255.7938","38162545447.2186","39147011807.7312",
"Colombia","COL","GDP, PPP (constant 2021 international $)","NY.GDP.MKTP.PP.KD","","","","","","","","","","","","","","","","","","","","","","","","","","","","","","","324362108923.578","330854565533.009","344237399255.639","362775994368.943","383870191922.137","403840799094.197","412143179194.874","426280900614.625","428709781358.363","410686756804.185","422698775564.672","429791231167.284","440553119642.857","457815188748.605","482230573793.389","505516336190.343","539471204741.433","575821824818.307","594728624564.412","601506441278.546","628542104500.866","672212530981.313","698513758899.827","734375410017.75","767415180035.221","790099215895.953","806591608674.065","817556099366.045","838520888947.413","865243337113.698","803067693827.328","889808627041.398","955016270619.415","961819615833.414","978591840244.661",
"Comoros","COM","GDP, PPP (constant 2021 international $)","NY.GDP.MKTP.PP.KD","","","","","","","","","","","","","","","","","","","","","","","","","","","","","","","1058574902.21291","1001458041.54335","1086892244.6792","1119564891.90016","1060487882.03897","1098773683.76324","1084580945.76607","1128291224.53136","1142761737.68136","1164753144.1201","1291104151.37114","1321224411.81048","1351942150.88043","1380385278.32158","1406883979.69296","1446804986.09047","1485101269.89598","1496982708.98002","1556332252.95342","1657290418.40375","1736857895.40788","1839126739.95986","1955187402.83549","2129732252.17478","2212700088.60733","2256778505.71208","2319522105.86037","2449326958.87954","2548759981.50965","2641248625.31913","2747039030.22049","2821917777.54899","2901450568.94747","2990370232.67625","3091707405.89754",
"Cabo Verde","CPV","GDP, PPP (constant 2021 international $)","NY.GDP.MKTP.PP.KD","","","","","","","","","","","","","","","","","","","","","","","","","","","","","","","694075763.336612","703821607.213835","780803130.046865","848797899.326003","1011619758.53208","1155387478.81707","1286483805.22371","1429520555.86049","1608457729.23559","1788969285.58273","2044521201.70721","2090147852.0345","2199899241.02861","2291772738.2399","2525466468.96274","2700038276.85302","2915602594.87611","3357919567.09354","3594283904.72014","3540240729.11105","3605254387.81299","3746750463.41027","3787352067.99735","3811293311.41454","3837845328.09483","3873768577.6945","4039593563.54896","4223448183.68258","4380009912.03763","4684325394.4235","3709738572.10333","3970664151.46117","4599763302.14502","4847743178.01053","5200265315.98456",
"Costa Rica","CRI","GDP, PPP (constant 2021 international $)","NY.GDP.MKTP.PP.KD","","","","","","","","","","","","","","","","","","","","","","","","","","","","","","","34193376303.5995","34968080230.8262","38185529566.224","40895629625.5445","42743714733.0189","44519268572.0049","45120483259.9345","47591355722.4284","50996664081.1035","53146077175.7535","55202149077.3309","57129349886.9473","59081389155.2295","61632038992.6062","64359009941.2156","66918353044.4417","71821256960.4575","77721468011.9585","81404047083.7566","80693018596.8338","85018441595.3984","88761938961.9588","93095822656.9127","95418345692.3376","98798168340.2055","102406357442.919","106711851740.171","111148609293.115","114056150658.974","116813471579.883","111821618043.896","120695515793.091","126188962272.74","132639643385.102","138371299881.813",
"Caribbean small states","CSS","GDP, PPP (constant 2021 international $)","NY.GDP.MKTP.PP.KD","","","","","","","","","","","","","","","","","","","","","","","","","","","","","","","47575422994.129","48144425372.3012","49967384146.1082","50061814847.4527","51813843948.8769","53341680086.0008","55994361139.5493","58845772605.2455","61749389372.7213","64844113719.3685","67842065353.4017","69554641145.2297","72618471792.2131","78015801874.2902","82302863141.7535","85961424313.969","93296013609.8004","97286414891.1894","99485654188.3073","96605067084.3716","98871614865.5515","100030287732.132","104650260084.017","106831979312.182","109649369921.787","109288279205.734","105447590465.37","104215574913.393","105614946504.615","106818400085.823","98892445016.8103","104573449542.966","121016999916.387","133332261529.052","153616957413.759",
"Cuba","CUB","GDP, PPP (constant 2021 international $)","NY.GDP.MKTP.PP.KD","","","","","","","","","","","","","","","","","","","","","","","","","","","","","","","","","","","","","","","","","","","","","","","","","","","","","","","","","","","","","","","","","",
"Curacao","CUW","GDP, PPP (constant 2021 international $)","NY.GDP.MKTP.PP.KD","","","","","","","","","","","","","","","","","","","","","","","","","","","","","","","","","","","","","","","","","4592351701.35661","4560400244.28921","4578508007.40448","4591702657.70018","4601274570.33441","4632398757.73048","4708181775.98131","4824472134.57277","4930033663.26906","4903839988.06607","4907876172.46187","4932830636.06987","4915617482.90386","4884369054.57603","4853236214.51856","4875471391.17712","4823415569.37406","4761858749.14008","4661663939.63272","4512204853.42978","3680223299.37453","3834193240.62081","4137976371.0752","4311854138.18778","",
"Cayman Islands","CYM","GDP, PPP (constant 2021 international $)","NY.GDP.MKTP.PP.KD","","","","","","","","","","","","","","","","","","","","","","","","","","","","","","","","","","","","","","","","","","","","","","","4445537886.44747","4586133589.09912","4569742692.56795","4240699172.13266","4125537250.05143","4173767346.52232","4225094403.10133","4279147346.42407","4392738510.23343","4517190161.30993","4663545963.37824","4812035408.50852","5017377829.29841","5213840048.84888","4955504368.02689","5198568359.3221","5466623675.42002","5704950753.45717","",
"Cyprus","CYP","GDP, PPP (constant 2021 international $)","NY.GDP.MKTP.PP.KD","","","","","","","","","","","","","","","","","","","","","","","","","","","","","","","16045152325.6722","16163806419.267","17683204063.6774","17806986578.4429","18857598555.2486","20434559446.0282","20689693396.0008","21236093853.083","22533806691.4847","23660036140.9455","25071429330.9023","26062393265.4105","27032689627.9634","27741838073.102","29136218386.4307","30550195458.1719","31990265557.1517","33621201640.7763","34847363240.5994","34145160283.6267","34924581955.7336","35070116833.7353","33861116109.16","31630522700.4334","31068746057.3414","32130961750.8683","34243119699.446","36212384110.0941","38483503023.2233","40744638123.5816","39432404008.844","43923040810.4633","47087637837.8646","48389097653.0858","50057583598.2764",
"Czechia","CZE","GDP, PPP (constant 2021 international $)","NY.GDP.MKTP.PP.KD","","","","","","","","","","","","","","","","","","","","","","","","","","","","","","","288488025923.232","254980307983.252","253688724756.707","253845768839.722","261230927867.638","277483164458.171","289050284001.323","287328011372.846","286198380739.434","290143226484.397","301779912723.448","310583495272.003","315284050659.918","325691062731.455","341116897824.647","362863198510.266","386896255871.086","408132317969.282","418793828203.317","398698742735.364","409522078354.86","416780369262.004","413568375531.342","413395452601.536","422677057731.912","443636592213.908","455086276548.982","478630462236.121","492177168365.082","509727106573.064","482686697512.017","502134232985.641","516430851532.897","516145462444.72","521928276858.84",
"Germany","DEU","GDP, PPP (constant 2021 international $)","NY.GDP.MKTP.PP.KD","","","","","","","","","","","","","","","","","","","","","","","","","","","","","","","3365857796014.35","3537794614176.02","3609052315479.65","3573925276757.34","3666761021952.03","3721960654229.95","3760600405552.67","3830352671067.8","3910643045290.24","3993944305636.62","4108859906651.87","4176103083425.6","4166568613124.25","4144488757303.69","4192662978927.76","4229797279915.02","4392887102554.34","4519846248065.39","4560995073582.57","4308080391872.51","4486726471608.03","4655336254565.75","4677416110386.31","4695481441676.97","4797349859790.47","4876636610153.9","4988541310498.25","5124031316998.61","5181238211541.48","5232423319289.5","5018148388902.16","5202314428956.09","5273572144806.67","5259521323498.96","5246975952526.71",
"Djibouti","DJI","GDP, PPP (constant 2021 international $)","NY.GDP.MKTP.PP.KD","","","","","","","","","","","","","","","","","","","","","","","","","","","","","","","","","","","","","","","","","","","","","","","","","","","","","","4401251430.7999","4717832886.58224","5062658614.52262","5423293675.39599","5719302007.44627","5992360893.70063","6324642147.77604","6400671630.66588","6682759257.72075","7028026489.29933","7546137626.21717","7995421831.18403",
"Dominica","DMA","GDP, PPP (constant 2021 international $)","NY.GDP.MKTP.PP.KD","","","","","","","","","","","","","","","","","","","","","","","","","","","","","","","787589429.447306","798204284.119048","814403208.09204","832005833.889392","832292721.853494","857518370.696956","884137475.366052","903461428.948003","937560112.681169","940879816.265767","962898467.510527","962283707.587451","932573962.904207","986709458.866985","1027143200.43247","1036544503.2021","1082160492.47032","1140141975.92976","1221335045.30383","1207463714.73825","1206188501.95276","1206704013.50435","1204804760.41957","1204859024.79342","1232995102.635","1191401460.07846","1208643964.86951","1117459467.66018","1150581084.84929","1196007148.80903","1008157452.63146","1062394694.29521","1172849827.26826","1215684767.37663","1240639596.30121",
"Denmark","DNK","GDP, PPP (constant 2021 international $)","NY.GDP.MKTP.PP.KD","","","","","","","","","","","","","","","","","","","","","","","","","","","","","","","235563380532.365","238998318759.606","243832803618.65","243640418530.04","256540438393.605","264334192080.028","271988651277.183","280606561205.945","287134319343.023","295654471398.668","306664670506.833","309578083763.738","310991400647.684","312363155747.318","321035455867.687","328610636831.532","341152021364.081","344519784791.555","343082522527.901","326015954297.585","331176451159.035","335517524536.243","335499298212.334","340171707801.807","344519101655.782","351769211808.349","362579239714.389","373661391650.423","380611521522.703","387125310677.23","380234069723.453","408303200976.802","414591776936.807","424936606051.287","440558114300.932",
"Dominican Republic","DOM","GDP, PPP (constant 2021 international $)","NY.GDP.MKTP.PP.KD","","","","","","","","","","","","","","","","","","","","","","","","","","","","","","","52401790043.8969","52896535722.2631","58840764950.1049","63175384798.3725","64814017227.2756","68508408815.0769","72592327418.5479","79052719563.2087","84353880870.2012","89378428430.5037","93536067579.9783","95845819394.25","100145945599.352","98794618823.7098","101349019564.211","110908045567.163","121079651461.836","130061831321.551","134312364749.502","135660126109.185","147057130569.85","151751138699.977","155963251061.923","163659621091.02","175297827103.188","187547133198.006","200149814402.01","208023431421.52","222787928586.876","233691236904.41","215161736410.866","245311121758.829","258160411677.422","263820058464.731","276883628046.975",
"Algeria","DZA","GDP, PPP (constant 2021 international $)","NY.GDP.MKTP.PP.KD","","","","","","","","","","","","","","","","","","","","","","","","","","","","","","","297621347987.272","294049890066.048","299342794857.839","293056593899.881","290419094656.528","301455005124.495","313814655727.401","317266616742.205","333447225652.787","344117542052.763","357194008656.222","367909828911.016","387776959672.211","412982462053.311","431566672844.747","454871273177.049","468062540094.901","482572478843.865","494636790811.553","500572432299.784","524599909054.858","540337906323.456","553306016077.079","567691972498.468","590967343363.326","609878298356.214","633663551993.181","643168505266.462","652172864345.87","658042420119.891","625140299119.911","648895630480.26","672255873183.709","699818363984.642","722912369991.909",
"East Asia & Pacific (excluding high income)","EAP","GDP, PPP (constant 2021 international $)","NY.GDP.MKTP.PP.KD","","","","","","","","","","","","","","","","","","","","","","","","","","","","","","","4023145771163.24","4333821893490.85","4777428728155.65","5272684998717.32","5809387284111.61","6365763541731.4","6923909351508.02","7382966780261.67","7451931170459.54","7890353935311.49","8472502791538.2","9018007507615.07","9712099783202.43","10542232692690.6","11459444367026.2","12536586526173.4","13828498622510.1","15433908308341.5","16691435457364.3","17916658975243","19622023094264.2","21216204549492","22793033255803.8","24403389729232.2","26054288598503","27743071496473.2","29505874553709.4","31434332210297.2","33453588014993.5","35389649175754.3","35683158252245.6","38242455087062.5","39683141633695.2","41727941429859.4","43790560449950.8",
"Early-demographic dividend","EAR","GDP, PPP (constant 2021 international $)","NY.GDP.MKTP.PP.KD","","","","","","","","","","","","","","","","","","","","","","","","","","","","","","","10409928934862.3","10817069194093.4","11273963208504.2","11682446285502.2","12108460611281.7","12510029862608.8","13255794984200.2","13880527914785.3","14206686609985.1","14633178981826.7","15270206092494","15548089646275.3","15930584998401.1","16809836120294.2","17877727633952.9","18971562806328.6","20163925940116.7","21375094725768.5","22152979250050.1","22585561307247.2","24078685859639","25335695014394.2","26386557667536.8","27528521404909.3","28816518306378.1","30276775146235.1","31814775904339.6","33393939119207.7","34847784528124.8","35847575198372.9","34432743131237.4","36977104916223.8","39266983961713.6","41325940701659.6","43025069688258.5",
"East Asia & Pacific","EAS","GDP, PPP (constant 2021 international $)","NY.GDP.MKTP.PP.KD","","","","","","","","","","","","","","","","","","","","","","","","","","","","","","","10439117619687.8","11016053267701.8","11601418115757.6","12216581109922","12971515469579.8","13811547771627.3","14677337248829.1","15341585276878.9","15333071530174.5","15975509182840.9","16911558081131.8","17545804157693.7","18436243913232.3","19476797053442.8","20737319033838.7","22100222678873.8","23687872767597.6","25634247532036.7","26937393717768.2","27869203414933.7","30128609945898.8","31929896103935.5","33739478479897.1","35633055350940.1","37492019502970.6","39385483897131","41356806338231.9","43588095487719.9","45839161996666.7","47883036657349.3","47860582887616.8","50911335061825.2","52584802271693.7","54883150350539.5","57211023107517.1",
"Europe & Central Asia (excluding high income)","ECA","GDP, PPP (constant 2021 international $)","NY.GDP.MKTP.PP.KD","","","","","","","","","","","","","","","","","","","","","","","","","","","","","","","2831912219690.59","2655159845946.78","2462188238042.21","2309261632397.31","1995749214855.37","1942443190660.02","1963241632545.45","2044515799344.82","2081580102387.53","2064894120498.89","2201745103760.06","2245974604988.77","2386307687903.9","2557647000519.16","2809760173472.72","3024754683207.44","3278419232619.3","3530685931394.3","3648545793032.95","3470076210551.37","3694070672442.39","3971948467502.09","4104959537579.1","4325514847260.25","4393269161563.2","4468884287297.6","4581040148585.91","4818233870738.41","4988052478593.73","5115343708847.25","5092626506348.65","5507304688509.11","5513629268676.83","5792074822342.67","6012988689716.22",
"Europe & Central Asia","ECS","GDP, PPP (constant 2021 international $)","NY.GDP.MKTP.PP.KD","","","","","","","","","","","","","","","","","","","","","","","","","","","","","","","23924388372008","23622767857950.1","22928303834809.2","22444428684977.1","22214080150016.7","22530695692602.7","22827910131667.2","23473129572136.1","23930007285484.6","24630030812808.8","25823664887446.5","26488498304577","27046541546956.3","27741062314758.2","28844811527060.3","29796777119818.2","31184838397373.3","32567033613275.2","33115285867544.1","31518153345753","32425621033565.9","33347907783850.4","33588498308734.2","33956277331711.9","34530055084637.5","35090902778573","35718384628746.9","36793387638341.1","37683714979240.4","38456621525201.9","36607497353373.6","39054850848058.3","40026325919915.8","40687989452566.5","41492765110904.4",
"Ecuador","ECU","GDP, PPP (constant 2021 international $)","NY.GDP.MKTP.PP.KD","","","","","","","","","","","","","","","","","","","","","","","","","","","","","","","95360865487.2018","99453126801.9369","101555874853.459","103559793795.039","107969629156.948","110401697583.363","112313576360.414","117174356049.801","121001890775.815","115267144281.756","116525632861.708","121427017763.53","127411057157","131086229565.897","140042561662.556","147602930821.942","154010568863.797","156940509968.272","167243529966.003","169068178569.136","175880168594.665","190797403873.563","201831622871.475","216386178602.782","225530799602.73","225800742173.868","224247336380.859","237635796682.585","240117414491.159","240514579415.01","218278775193.129","238844767157.606","252861189718.137","257888672332.972","252727662993.613",
"Egypt, Arab Rep.","EGY","GDP, PPP (constant 2021 international $)","NY.GDP.MKTP.PP.KD","","","","","","","","","","","","","","","","","","","","","","","","","","","","","","","467559613551.258","472821550927.498","493970193092.477","508299235006.442","528494838804.627","553029993810.427","580619170145.941","612508834676.389","646659249202.086","685804370997.977","729490135696.291","755279450118.01","773332169940.297","798028182757.074","830684067473.477","867830136338.384","927223026666.34","992942994658.098","1064000811005.14","1113727950775.21","1171054144075.82","1191718237009.77","1218248266002.38","1244872668304.69","1281172058328.89","1337185145139.77","1395307815739.63","1453648719145.25","1531144311300.78","1616154868524.25","1673531030392.09","1728601012503.64","1842478578400.74","1911760941520.97","1957627322504.22",
"Euro area","EMU","GDP, PPP (constant 2021 international $)","NY.GDP.MKTP.PP.KD","","","","","","","","","","","","","","","","","","","","","","","","","","","","","","","11970405834547.7","12233606693897.5","12349215267119.3","12255273176542.4","12559845492297.8","12873266931762.1","13101456631046.6","13466931820415","13871368044077.4","14282735597987.9","14840166436615.4","15171198948421.5","15324454711696.6","15452559931280.7","15814000856751.8","16100935825239.1","16641984635784.4","17148942885953.8","17221595655699.5","16440049892953.6","16773673033500.2","17051393410882.8","16879392943904.4","16842459131158.1","17082657466017.4","17444600567391.9","17765846350214.7","18225769932335.9","18551689954202.9","18854065779581.3","17684155877772.7","18814407928932.5","19493176748473","19595420354220.3","19777605646615.7",
"Eritrea","ERI","GDP, PPP (constant 2021 international $)","NY.GDP.MKTP.PP.KD","","","","","","","","","","","","","","","","","","","","","","","","","","","","","","","","","","","","","","","","","","","","","","","","","","","","","","","","","","","","","","","","","",
"Spain","ESP","GDP, PPP (constant 2021 international $)","NY.GDP.MKTP.PP.KD","","","","","","","","","","","","","","","","","","","","","","","","","","","","","","","1234940234760.49","1266381819268.65","1278149235206.2","1264965230180.97","1295111823093.72","1330824453946.84","1365524519426.81","1414509976737.39","1475361877011.82","1540408597115","1620519722120.44","1684029329182.92","1730432018323.08","1781294426591.52","1836773402257.71","1902001369250.04","1978907561282.87","2048832262566.22","2064550201924.56","1986755203031.46","1988625182955.12","1975899560026.35","1919287791302.97","1891893369662.68","1920659342281.46","1998654758407.75","2056918662236.11","2116487892218.07","2167186481182.85","2209688876689.13","1967947352764.79","2099468112223.22","2229200801409.83","2288846712767.97","2360949862238.26",
"Estonia","EST","GDP, PPP (constant 2021 international $)","NY.GDP.MKTP.PP.KD","","","","","","","","","","","","","","","","","","","","","","","","","","","","","","","30379251199.0232","27948958617.9392","22032539654.3611","20767762988.9085","20426668136.0365","21351318403.3012","22406716689.9293","25330797857.228","26430110816.9597","26317776140.117","28972618279.4376","30676424339.6789","32803221092.587","35295052770.2886","37695363814.9608","41285113615.5243","45315602273.5075","48746409722.2475","46248004357.9122","39481818398.7501","40449024326.4639","43525971328.5297","45124253145.9799","45916857853.0791","47442578559.8741","48314645564.8568","49809026832.2228","52615602364.4955","54562220522.2049","56595563204.8384","54963456100.0725","58895787305.748","58931378334.2213","57149859934.0928","57000695250.6237",
"Ethiopia","ETH","GDP, PPP (constant 2021 international $)","NY.GDP.MKTP.PP.KD","","","","","","","","","","","","","","","","","","","","","","","","","","","","","","","41627443416.9921","38656293093.3611","35303833748.9297","39943758005.8966","41217949739.0763","43743584313.8582","49179238117.19","50720469629.7532","48966485220.6814","51494206591.2186","54621561746.8873","59155864904.5501","60051913997.05","58753976115.5928","66728420120.8933","74614895914.8785","82699216237.7439","92173376557.6505","102117521275.713","111106470410.308","125050930583.964","139029494039.465","151052502798.83","167037286559.67","184171124470.782","203311040475.356","222490352220.081","243769751476.139","260385457993.276","282164320936.464","299262155125.714","316145121458.38","332969605707.482","354926440591.656","380895311983.069",
"European Union","EUU","GDP, PPP (constant 2021 international $)","NY.GDP.MKTP.PP.KD","","","","","","","","","","","","","","","","","","","","","","","","","","","","","","","14057083938291.8","14165799586395.2","14248889012287.5","14167251333802.8","14550424257251.2","14968095754255.4","15274365652660.2","15666790464152.6","16126047960842.4","16592962803705.5","17245489858437.8","17633274844876.9","17853496766011.7","18051762584919.7","18554660856923.7","18949994504567","19656572708539.3","20308312710464","20485949506432.4","19614840632160.2","20009351775478.9","20400705243576.5","20247121821948.4","20234595886107.8","20580428798797.8","21080316659920.4","21503152978865.3","22139052695622.3","22640878621477.3","23097944283356.8","21803841599482.8","23194293266141.8","24035727952897.1","24169965231740.9","24441082664314.7",
"Fragile and conflict affected situations","FCS","GDP, PPP (constant 2021 international $)","NY.GDP.MKTP.PP.KD","","","","","","","","","","","","","","","","","","","","","","","","","","","","","","","2959101592253.23","2715512589355.28","2634627084130.36","2490770683545.89","2268315156353.98","2202865033282.37","2222274956422.67","2300177489850.17","2403730553048.78","2469848192765.79","2613274455575.45","2742666270409.58","2875920477137.2","2926541149348.95","3284127852722.39","3461720556708.22","3683191426919.37","3923838289744.48","4114900673146.4","4123096300327.08","4398238184239.45","4523362952358.42","4695174144892.27","4822501323704.65","4873033057681.39","4916591020455.33","5067756076693.47","5196767467432.52","5354036983801.27","5511557403621.31","5261840766420.19","5350482475531","5251377518118.39","5357208644477.96","5466650838227.82",
"Finland","FIN","GDP, PPP (constant 2021 international $)","NY.GDP.MKTP.PP.KD","","","","","","","","","","","","","","","","","","","","","","","","","","","","","","","193509018830.916","182129534851.65","176098545485.687","174725302504.799","181652064937.134","189343880214.701","196278897419.098","208836233781.912","220226726284.75","229893095486.06","243120541202.207","249539560604.325","253750107597.597","258855052077.98","269223179327.584","276700339415.683","287822512283.44","303113951801.69","305491672319.439","280820069654.841","289717257976.64","296642643533.22","292125250313.596","289263179392.037","287880303466.839","289223275925.013","296661908125.348","306461748706.321","310117768713.058","314303547500.663","306474132809.155","314676442275.461","317077555419.616","314075132629.1","313590782225.289",
"Fiji","FJI","GDP, PPP (constant 2021 international $)","NY.GDP.MKTP.PP.KD","","","","","","","","","","","","","","","","","","","","","","","","","","","","","","","6284654636.86181","6114968727.1883","6487981936.33516","6626178055.07255","6964113109.94121","7138215835.90705","7480850226.73987","7316271568.97877","7411383132.41124","8063584753.1438","7926503940.0631","8085034030.49667","8343755047.81755","8427192543.62387","8873833723.5428","8935950595.31878","9101487638.90649","9024065442.02785","9117265468.34556","8990896731.04903","9256548277.26285","9506951147.71221","9641124116.52864","10097556093.4665","10663374103.8363","11143353942.7487","11415881578.6557","12027015337.2592","12485527403.4496","12412868287.581","10297880948.9337","9795237652.39681","11733982269.4414","12616881282.509","13099981526.4214",
"France","FRA","GDP, PPP (constant 2021 international $)","NY.GDP.MKTP.PP.KD","","","","","","","","","","","","","","","","","","","","","","","","","","","","","","","2252131019723.13","2279982279111.45","2314548203918.7","2306239026543.33","2361211943582.49","2415632986071.29","2449381308300.82","2511278683611.68","2597982949373.9","2686296393899.28","2797535926604.37","2850674198675.33","2881112280148.3","2908996467955.6","2992433774420.27","3048947856501.29","3131698267518.58","3210945324824.36","3223152421770.07","3132112820496.35","3194765248768.1","3272640096893.57","3278656363487.31","3304287470958.63","3337258740017.21","3372859106073.87","3401866742516.37","3472748543479.96","3529906814718.25","3601473785622.54","3333500874071.68","3562923665911.39","3654520749632.14","3688744880326.26","3731760755094.82",
"Faroe Islands","FRO","GDP, PPP (constant 2021 international $)","NY.GDP.MKTP.PP.KD","","","","","","","","","","","","","","","","","","","","","","","","","","","","","","","","","","","","","","","","","","","","","","","","","2598661867.19318","2480337042.10383","2470916275.77506","2559038124.01437","2740255985.11459","2900729318.75885","3058301056.37386","3087599639.65633","3130407601.85426","3240347944.91101","3329901749.63229","3481029683.07842","3424034046.78936","3612505897.96273","3740967467.62183","3834082322.01539","",
"Micronesia, Fed. Sts.","FSM","GDP, PPP (constant 2021 international $)","NY.GDP.MKTP.PP.KD","","","","","","","","","","","","","","","","","","","","","","","","","","","","","","","316480756.208225","339986861.889998","353613589.821461","382400052.576677","380356043.386957","407035984.338067","394082587.100518","370197488.048151","380750026.158276","385983200.686255","404641257.238212","413412271.005397","415673626.505623","422208494.219256","409203826.417864","417559224.98314","417220771.128142","409559824.685073","399695606.669587","404064676.312612","413194073.024395","426369074.924929","418409532.806063","403013033.584501","393720456.805739","411917759.619514","413911860.918184","417318542.90105","417318542.90105","434351952.815379","427085443.701956","440323830.730667","427528611.097986","429589930.730259","432679041.090247",
"Gabon","GAB","GDP, PPP (constant 2021 international $)","NY.GDP.MKTP.PP.KD","","","","","","","","","","","","","","","","","","","","","","","","","","","","","","","23496300368.9089","24932512547.3373","24162061595.0351","25115630646.9265","26048112439.6404","27343705897.6147","28334928640.3643","29960890946.8137","31002880875.1831","28233510468.7563","27701882953.7642","28293382817.1091","28222922909.3916","28857185126.0581","29056167842.9632","29833769975.2504","28996461844.4385","30738600595.4445","29721635312.3364","29760371852.4668","31870348681.1982","34130515199.091","35922734804.5357","37948309693.9484","39585765763.2312","41121257791.9585","41981285134.0016","42179706332.6615","42533137085.7647","44200780065.2122","43388475339.4063","44025399637.0532","45362721558.0231","46472239669.0152","48044817322.7062",
"United Kingdom","GBR","GDP, PPP (constant 2021 international $)","NY.GDP.MKTP.PP.KD","","","","","","","","","","","","","","","","","","","","","","","","","","","","","","","1964046683822.83","1942380859325.82","1950171400991.4","1998727371705.98","2075598609906.55","2128145917346.84","2183094514587.51","2290604241483.87","2368545675182.95","2440983458737.59","2546962031219.22","2612489772163.66","2659401225354.5","2743234767303.49","2810660856396.69","2887466682907.58","2956208429999.55","3033805352459.42","3026257327845.81","2886427482679.96","2950890503159.26","2984482331065.38","3029518120098.18","3084047067998.2","3182571186580","3253316193033.96","3315835498878.96","3403920830575.61","3451752394538.69","3507825255476.28","3146627335198.38","3416480549650.65","3581806953564.4","3596029676628.32","3635610019744.91",
"Georgia","GEO","GDP, PPP (constant 2021 international $)","NY.GDP.MKTP.PP.KD","","","","","","","","","","","","","","","","","","","","","","","","","","","","","","","62027887438.1473","48940095710.7731","26966102946.7545","19064989882.9368","17082568368.5606","17526130080.082","19489502932.0001","21539955383.7262","22208019188.5023","22844788762.0974","23265219954.9197","24383648564.9521","25718415555.7572","28562108736.9832","30216621133.3328","33114739064.4387","36234637851.3052","40791350035.0017","41779159245.3223","40253905629.9375","42768329074.3899","46161712229.403","49198613272.7027","51723921667.1311","53839683818.7131","55643864277.2325","57563697329.2467","60533928053.9435","64203516814.5972","67658127813.2253","63402112372.6154","70150781357.7257","77838277278.2648","83934727816.341","91848574230.7025",
"Ghana","GHA","GDP, PPP (constant 2021 international $)","NY.GDP.MKTP.PP.KD","","","","","","","","","","","","","","","","","","","","","","","","","","","","","","","42884426695.246","45149507665.2141","46901046280.2739","49175747284.6024","50798546816.8804","52887595893.4894","55321726950.6424","57643224355.5805","60352681160.9515","63008197216.1091","65339500564.5476","67953080670.8158","71010969001.3317","74703539483.9173","78886937688.1248","83541270024.0622","88887838295.6953","92751631832.2215","101238219656.879","106142692099.579","114527659021.355","130615500817.727","142753324240.703","153192196788.091","157567733839.808","160909366269.164","166337588628.264","179858996355.462","191010393846.258","203440920110.743","204486487774.301","214867175690.96","223042549015.962","230046288018.513","243124126422.363",
"Gibraltar","GIB","GDP, PPP (constant 2021 international $)","NY.GDP.MKTP.PP.KD","","","","","","","","","","","","","","","","","","","","","","","","","","","","","","","","","","","","","","","","","","","","","","","","","","","","","","","","","","","","","","","","","",
"Guinea","GIN","GDP, PPP (constant 2021 international $)","NY.GDP.MKTP.PP.KD","","","","","","","","","","","","","","","","","","","","","","","","","","","","","","","13549165645.2759","13903262657.1127","14358031051.9641","15082270891.4258","15681051993.2358","16403583623.7909","17135441823.826","18023332469.868","18680124556.9295","19392211658.4973","19877610460.8138","20604802321.2874","21668959892.6223","21939518798.7052","22452929276.4778","23125904765.2172","23401011017.864","24996368183.6193","26029472119.9759","25737254320.9579","26976081069.211","28490008891.1435","30175274472.934","31365896381.0502","32525353401.2862","33769744334.8314","37423842474.5451","41278500248.8802","43903190354.9434","46369195006.2984","48550675963.3161","51260936277.8168","53297229730.4031","56250816533.4192","59439407532.1047",
"Gambia, The","GMB","GDP, PPP (constant 2021 international $)","NY.GDP.MKTP.PP.KD","","","","","","","","","","","","","","","","","","","","","","","","","","","","","","","2798934224.18109","2885898208.37632","2983403727.6687","3073266872.35296","3078010335.6057","3105153715.60048","3174198225.60891","3329733910.41328","3446274554.05956","3666836092.78297","3868512085.81848","4092885796.20548","3959867001.70167","4231909849.73992","4530259494.17394","4423720051.48552","4399142704.39283","4533019593.11356","4816601016.69387","5137662361.47514","5441212706.55878","4998817942.38871","5260834446.33585","5411966056.42096","5335798993.50162","5552329654.69098","5660231389.10106","5933202344.80689","6362463027.66407","6758338859.52741","6798313574.75296","7155630814.36372","7548689490.13737","7910838543.68034","8365452098.95673",
"Guinea-Bissau","GNB","GDP, PPP (constant 2021 international $)","NY.GDP.MKTP.PP.KD","","","","","","","","","","","","","","","","","","","","","","","","","","","","","","","1893034390.90526","1989579145.4949","2011464515.45401","2053705270.05956","2119423839.09436","2212678488.14394","2469349192.8657","2629856890.23441","2039566390.43251","2382519912.78504","2408734258.99003","2524015597.75029","2616241513.24153","2608760866.35236","2639332713.7945","2812466898.87408","2887461467.46299","2961375470.44089","3095365128.95924","3171138152.47501","3348891960.75459","3619651271.323","3557651365.63284","3673491052.35232","3708922819.32344","3936431459.43993","4150285115.75474","4343841109.36358","4507232676.99234","4758093769.4882","4859351472.01274","5113853513.57436","5399469252.61145","5640485327.15569","5911989295.99635",
"Equatorial Guinea","GNQ","GDP, PPP (constant 2021 international $)","NY.GDP.MKTP.PP.KD","","","","","","","","","","","","","","","","","","","","","","","","","","","","","","","532523229.351088","527079569.871057","710215053.230577","788574593.078097","920020795.123031","1080898057.75111","1800559954.57002","4500913077.81623","5570981862.18854","7000719507.51825","8275815154.02212","13521016489.0496","16152589488.2834","18406723783.951","25401044477.6871","29655389367.8877","31940312684.5962","36821467655.2962","43375360867.775","43958046505.4614","40035153118.1574","42647015932.6991","46192207712.6692","44282992075.7645","44466795853.2098","40415852453.4227","36852622273.1796","34763996771.5807","32595924793.3504","30809073115.5301","29332985518.4104","29585328380.1352","30539013900.9581","28984789203.2762","29247753194.9258",
"Greece","GRC","GDP, PPP (constant 2021 international $)","NY.GDP.MKTP.PP.KD","","","","","","","","","","","","","","","","","","","","","","","","","","","","","","","274460040199.646","282968300639.851","284949079698.273","280389894360.802","285997691819.717","292002841216.934","296039694569.837","306705659183.728","317246935774.453","325681851692.904","339158003267.002","354930256549.08","371552127678.273","393090345917.419","414230219339.723","419132660309.661","446139044189.127","461784559445.877","462049965613.57","443016851961.775","417792618868.687","376528166256.652","345159099383.593","337316680813.317","339988988093.528","339212786800.531","339104934882.48","344100373528.791","351204917864.513","359202488307.731","326169395938.999","354397719330.584","374753080482.47","383492788697.5","392204733303.018",
"Grenada","GRD","GDP, PPP (constant 2021 international $)","NY.GDP.MKTP.PP.KD","","","","","","","","","","","","","","","","","","","","","","","","","","","","","","","888554041.265594","900865364.349833","893197660.004409","875701565.067208","890532061.851474","909495720.807809","949861275.629541","997501516.705209","1114742887.3156","1191641891.88637","1249888777.20033","1224592277.72961","1266685476.23295","1386564253.155","1377586938.51523","1560477974.89063","1498131757.61414","1589869120.91928","1604933808.52023","1498795020.31369","1491133986.71381","1502537785.04431","1485185905.27262","1520104081.63697","1631712007.63754","1736879487.64506","1801831901.67371","1881809375.89826","1963883370.15014","1977169271.687","1705177563.59537","1785107389.63748","1915790471.3413","2005444902.29247","2079507172.32171",
"Greenland","GRL","GDP, PPP (constant 2021 international $)","NY.GDP.MKTP.PP.KD","","","","","","","","","","","","","","","","","","","","","","","","","","","","","","","2120448808.02707","2118042849.39105","2009774852.37418","1908724726.79368","2021804638.10145","2097191212.51615","2129270632.84126","2160548050.8893","2328162974.26548","2360242369.74772","2527857268.28103","2559936663.76327","2535075139.71739","2647380127.4732","2830223628.98122","2971380799.57478","3136461651.14011","3210244966.28669","3408192930.96277","3437706257.0214","3497378823.68204","3480013659.61219","3528531778.96615","3482721532.12093","3647876912.28742","3555610504.05362","3722082556.1739","3724045142.67106","3747248380.4983","3853377108.54753","3863040983.83104","3926166709.012","4004868911.83502","4039549554.24062","",
"Guatemala","GTM","GDP, PPP (constant 2021 international $)","NY.GDP.MKTP.PP.KD","","","","","","","","","","","","","","","","","","","","","","","","","","","","","","","68540699950.9982","71048089250.2435","74485636552.4089","77410785779.9251","80533336768.6305","84518567193.6555","87018440375.2341","90816003383.4974","95350925762.0789","99019135173.8428","102592605767.458","104985655104.055","109016355802.164","111807586230.611","115316015302.969","119093799014.157","125466981939.192","133418726303.534","137812904075.216","138470131205.396","142463852704.746","148395914873.211","152810260868.214","158456323458.148","165498087343.633","172270551618.406","176883617157.184","182331369489.23","188543168534.232","196118640608.189","192616840406.938","208106516253.135","216814771066.235","224475176678.636","232672706256.608",
"Guam","GUM","GDP, PPP (constant 2021 international $)","NY.GDP.MKTP.PP.KD","","","","","","","","","","","","","","","","","","","","","","","","","","","","","","","","","","","","","","","","","","","","","","","","","","","","","","","","","","","","","","","","","",
"Guyana","GUY","GDP, PPP (constant 2021 international $)","NY.GDP.MKTP.PP.KD","","","","","","","","","","","","","","","","","","","","","","","","","","","","","","","3805285434.56612","4035804534.16106","4348897640.06694","4704424609.92675","5105826025.2028","5362722933.0115","5789355296.63592","6147175988.50736","6043958480.3595","6222868826.29521","6138001098.38736","6277918162.8682","6349023556.63281","6308883417.80077","6407513479.85187","6282505608.96496","6604773603.95408","7079738476.96953","7204003710.167","7464176914.49627","7773077517.12589","8176986178.90967","8608431004.49892","8922930074.16731","9073414794.663","9135785864.48746","9483626915.63116","9837792161.02235","10274679940.6771","10824667122.0464","15531194686.2204","18646751960.8246","30456604136.2518","40749416889.6156","58423257845.0925",
"High income","HIC","GDP, PPP (constant 2021 international $)","NY.GDP.MKTP.PP.KD","","","","","","","","","","","","","","","","","","","","","","","","","","","","","","","41342519061161.5","41507670309186.7","41670155748789.4","41865407419873.8","42746959489519.2","43823873424772.1","44982004024130.6","46490707630904","47567654035650.4","49263679595732.2","51487369302835.1","52408178708062.5","53355968791169.2","54723213588245.9","56807291548055.9","58627488352759.9","60767280813823.2","62772645038948","63456046137292.7","61183518233433.3","63120035841626","64610326530543.5","65600320214838.8","66623183959260.7","68028310423248.5","69491608549013.9","70733329683877.5","72500386496883.2","74270265563250.8","75713487763609.6","72738819038833.6","77036437415752.8","79332487005509.9","80791803646827.6","82451091455463",
"Hong Kong SAR, China","HKG","GDP, PPP (constant 2021 international $)","NY.GDP.MKTP.PP.KD","","","","","","","","","","","","","","","","","","","","","","","","","","","","","","","180255654693.141","190533828633.656","202413524047.672","214965446502.85","227940734668.057","233351375237.528","243288579009.681","255695639384.489","240653931323.693","246686390279.77","265590975503.356","267080626607.276","271505367677.166","279803369087.862","304146395002.702","326617266933.2","349587033820.255","372187360534.714","380107213300.929","370759841028.271","395851628054.48","414910621183.386","421965320762.096","435052646767.497","447070672907.97","457745752201.638","467703722329.821","485458286852.945","499278966673.305","490929049372.535","458798807417.09","488411631115.747","470419760733.798","485541352277.065","497879917171.096",
"Honduras","HND","GDP, PPP (constant 2021 international $)","NY.GDP.MKTP.PP.KD","","","","","","","","","","","","","","","","","","","","","","","","","","","","","","","22048820694.597","21316952332.1008","22611677481.6543","24080468333.007","24131495687.8942","25625067450.3202","26104455137.472","27304759667.7022","28285064169.0314","28076984787.4524","30124158654.5788","30944497716.6726","32106258710.4076","33566142510.9323","35658086204.4309","37815614090.9532","40299057568.9058","42792895096.3988","44603719292.4101","43519122818.6324","45142882367.617","46874423691.1832","48809722279.3804","50172274844.2635","51706583428.8613","53692157582.7701","55782378349.5786","58483870910.2802","60732572687.8795","62287104477.5612","56703014340.7969","63827909343.1217","66472658301.8488","68849619261.4123","71296514097.7746",
"Heavily indebted poor countries (HIPC)","HPC","GDP, PPP (constant 2021 international $)","NY.GDP.MKTP.PP.KD","","","","","","","","","","","","","","","","","","","","","","","","","","","","","","","786858988711.555","791817183068.583","784331205960.683","788470345620","787960450056.784","826448800535.631","868693106535.418","916849006953.425","949527570571.556","979821593649.048","1009371725577.24","1045399215064.72","1089055893272.31","1134664868701.71","1200026439394.43","1269616464444.65","1344694527196.87","1418911017221.8","1499712392329.51","1557096773975.36","1656496702762.78","1730817512224.29","1799576422077.86","1901313870506","2008154595383.43","2103365295145.19","2198977035936.95","2309102129741.31","2406197041840.16","2513337541802.31","2517021860086.7","2610318769933.95","2730492405150.23","2818027617663.93","2960476059022.78",
"Croatia","HRV","GDP, PPP (constant 2021 international $)","NY.GDP.MKTP.PP.KD","","","","","","","","","","","","","","","","","","","","","","","","","","","","","","","111788956304.388","88214151476.2182","77881371642.6487","71630938389.0831","75836014467.7974","80961374076.7472","85907288976.0968","91206042621.2701","93259708883.3974","92468219029.5722","95191642020.3308","98153277588.7003","103849434737.204","109632158280.184","114204350857.303","119146060510.42","125200426951.303","131521654040.956","134110776292.318","124972526765.926","123305291376.258","123184758662.627","120408487608.066","120257435369.618","119587420831.181","122365646084.07","126600879526.207","130754601364.795","134552606072.459","138724327700.625","127194057412.241","143260829579.288","153701587771.077","158777651689.816","164834932118.104",
"Haiti","HTI","GDP, PPP (constant 2021 international $)","NY.GDP.MKTP.PP.KD","","","","","","","","","","","","","","","","","","","","","","","","","","","","","","","27050130483.5919","27558820285.2261","26095465413.8451","24679448219.9597","21730098851.3985","23880880472.5973","24869733601.8337","25542388751.1099","26099682890.0175","26807049026.287","27040286238.5188","26947606229.811","27231046577.9022","28178899327.9655","27807541798.3771","28661837694.2069","29168794121.2202","30541632149.6966","31353438599.71","33200274946.6004","31323957578.5132","32920919826.3292","33086322561.4202","34517234583.7044","35514358967.0991","36011559995.6918","36664258025.1747","37584630388.4013","38211470971.3577","37553050262.0087","36311732131.5742","35658760079.8831","35058985451.8025","34405526560.3926","32970942041.4738",
"Hungary","HUN","GDP, PPP (constant 2021 international $)","NY.GDP.MKTP.PP.KD","","","","","","","","","","","","","","","","","","","","","","","","","","","","","","","220934829084.705","194661168931.908","188696399653.007","187609303620.644","193138439758.674","196015286022.694","196213720583.542","202056727892.303","209832089294.834","216307629516.242","225845444094.298","235019345142.265","246135913654.059","255830659917.208","268527856282.214","280075314531.929","291093285910.058","292060747073.055","294962186846.607","275081245566.525","278018977603.287","283347792830.222","279552393162.825","285233372770.368","297596395848.786","308487876817.988","316010789936.444","329043656039.943","347490297930.843","365133023043.188","349290903827.747","374519891736.617","390513192763.755","387223006488.22","389206772373.216",
"IBRD only","IBD","GDP, PPP (constant 2021 international $)","NY.GDP.MKTP.PP.KD","","","","","","","","","","","","","","","","","","","","","","","","","","","","","","","21506183035387.8","21475064763896","21419587769797.6","21844235399886.5","22223670186778.9","22976895560829.6","24080001733016.9","25213775002380.9","25707257927209.4","26716335504002.2","28289771559673.1","29333588138896.6","30640744547385.3","32444836301045.1","34898351453518.1","37295290239148.1","40265361548055.9","43671754589671.3","46057415324934.4","46973507976489.7","50418462668960","53408053193163.9","56124450859136","58862440206576.8","61514091363583.6","64013208948951.8","66885792230767.1","70245030356953.9","73632951923422.4","76457155682192.9","74987457482399.9","80509095092778.5","83553564915841.8","87719200454870.1","91570066127052.7",
"IDA & IBRD total","IBT","GDP, PPP (constant 2021 international $)","NY.GDP.MKTP.PP.KD","","","","","","","","","","","","","","","","","","","","","","","","","","","","","","","23824822954838.3","23839727345481.3","23836869522293.5","24289601950503.8","24696621311353.3","25545228844805.9","26775657998019.4","28013303717600.1","28605830326459.6","29702225958309.1","31395688770035.4","32563743159789.5","34036735307200.7","36016156881234.3","38711836855449.9","41352820797467","44578574121065.7","48248749450451.9","50868945713353.3","52027128876958.2","55775684469381.9","59029166121227","61944068428193.3","64957688760807","67939075126585.2","70728435776283.3","73871817073299.3","77545069415780.2","81279129682874.3","84431082980231","82907427874845.4","88773522539755.9","92183260783882.1","96609661338146.9","100839155696087",
"IDA total","IDA","GDP, PPP (constant 2021 international $)","NY.GDP.MKTP.PP.KD","","","","","","","","","","","","","","","","","","","","","","","","","","","","","","","2325639499282.63","2372796772023.81","2426621248919.09","2454476953197.65","2481908820019.7","2577836108503.22","2705710988624.52","2809508153388.22","2909815198167.94","2996935964532.92","3116265861723.55","3241022563760.09","3407653927077.39","3583320322233.48","3825995792024.91","4070645969726.43","4326413337711.14","4589874568922.13","4824893368891.41","5068966587507.44","5372906835737.14","5637097394261.07","5835390047543.1","6111693431329.86","6442779076631.38","6734068039182.47","7005373918776.34","7319952630249.02","7666986080524.21","7995914822014.76","7942633061824.83","8286120266856.46","8652792019125.47","8912835303643.51","9292082527524.87",
"IDA blend","IDB","GDP, PPP (constant 2021 international $)","NY.GDP.MKTP.PP.KD","","","","","","","","","","","","","","","","","","","","","","","","","","","","","","","1123978236144.91","1147521876918.03","1181865648951.75","1179605310850.94","1193593331789.87","1226127561156.55","1284438250837.69","1315091918835.42","1352709364099.82","1382497579322.31","1431900996018.14","1487645019748.39","1572046521190.2","1642294217070.16","1762687738671.62","1869123437518.07","1976588104223.16","2080091283442.2","2161295588747.23","2281396372405.66","2406535776120.09","2503156237008.53","2614196387894.91","2758116838883.58","2911489641300.26","3026135813195.64","3110255350605.62","3203159991995.23","3336670491606.84","3439155918483.16","3394334070765.58","3580405169363.25","3738368952907.96","3833650451306.57","3981395184831.83",
"Indonesia","IDN","GDP, PPP (constant 2021 international $)","NY.GDP.MKTP.PP.KD","","","","","","","","","","","","","","","","","","","","","","","","","","","","","","","894210723157.611","956018414859.16","1018135773666.7","1084278028744.42","1166032278706.76","1261880218291.6","1360536374441.61","1424479935803.67","1237492364936.66","1247282489798.42","1308649633293.18","1356329843593.82","1417357571125.18","1485112494798.99","1559826632354.02","1648620875616.96","1739310715105.45","1849670366569.78","1960904059994.01","2051671782944.75","2179364842980.24","2313826950890.82","2453351888053.6","2589691121689.59","2719348369403.8","2851952560361.74","2995493305785.44","3147358403078.01","3310211902647.8","3476360960874.61","3404556313997.13","3530623140454.75","3718000273848.35","3905722974651.64","4102194303076.81",
"IDA only","IDX","GDP, PPP (constant 2021 international $)","NY.GDP.MKTP.PP.KD","","","","","","","","","","","","","","","","","","","","","","","","","","","","","","","1202578966014.1","1226150788137.36","1245028863534.96","1276333166924.94","1289733111056.41","1354199230362.61","1424075067708.47","1498720332494.97","1562262585971.74","1620551657903.31","1691144161289.14","1760512149338.51","1842688591145.26","1949045181963.87","2071383389171","2210447474411.31","2359840498209.37","2521303542141.77","2677051075267.95","2801189181554.38","2981363893851.93","3150709238786.45","3237452481838.03","3369642373370.75","3548041935126.9","3726229991723.34","3915906625284.44","4140683005225.97","4356189591995.78","4585628938132.45","4577992569866.65","4734871035873.14","4944891171066.8","5111360227250.54","5345608563204.09",
"Isle of Man","IMN","GDP, PPP (constant 2021 international $)","NY.GDP.MKTP.PP.KD","","","","","","","","","","","","","","","","","","","","","","","","","","","","","","","","","","","","","","","","","","","","","","","","","","","","","","","","","","","","","","","","","",
"India","IND","GDP, PPP (constant 2021 international $)","NY.GDP.MKTP.PP.KD","","","","","","","","","","","","","","","","","","","","","","","","","","","","","","","1905660987236.34","1925800611593.23","2031380627684.13","2127886975436.52","2269581353432.3","2441490607802.2","2625811484450.37","2732152145428.85","2901119794984.25","3157745760533.79","3279034495943.53","3437214013863.84","3567964786685.36","3848420429844.88","4153328341064.72","4482414430651.38","4843729870659.97","5214799058396.79","5375764159724.54","5798400761878.85","6291124777993.23","6620862520105.21","6982122438465.14","7428008206430.01","7978440521051.13","8616416873256.67","9327814573620.6","9961675338509.53","10604587056326.2","11015136957033.9","10378712667572","11384367630967.9","12250645714410.2","13376572539398.9","14243939416927.8",
"Not classified","INX","GDP, PPP (constant 2021 international $)","NY.GDP.MKTP.PP.KD","","","","","","","","","","","","","","","","","","","","","","","","","","","","","","","","","","","","","","","","","","","","","","","","","","","","","","","","","","","","","","","","","",
"Ireland","IRL","GDP, PPP (constant 2021 international $)","NY.GDP.MKTP.PP.KD","","","","","","","","","","","","","","","","","","","","","","","","","","","","","","","103992274748.577","105998950304.24","109542787086.863","112492346203.353","118967209792.09","130429014167.182","140054183623.584","155490622003.62","169121126200.858","186929385677.912","204507336524.96","215358131312.689","228062896655.594","234936342736.6","250884148106.23","265284352949.927","278516351295.809","293305894662.113","280153854300.787","265877825214.194","270352475286.277","274809976618.134","273713593411.573","279713877648.522","305828059670.503","381109379466.456","385768969437.739","424537317665.713","456565865428.45","479579295983.035","513907096655.654","597445848156.993","648942713687.735","613056133672.635","620543598505.236",
"Iran, Islamic Rep.","IRN","GDP, PPP (constant 2021 international $)","NY.GDP.MKTP.PP.KD","","","","","","","","","","","","","","","","","","","","","","","","","","","","","","","528140455519.892","595299579831.709","614932452338.805","605886725354.411","595597035200.603","609897585367.645","648629290219.287","657388375443.515","671062131095.082","684501467116.154","724514188449.189","741845819158.412","801778276403.382","871046294173.392","908820662510.944","937810261095.509","984698854165.332","1065008662549.68","1067680306564.49","1078435962762.6","1140963014444.4","1171149677379.15","1127264691633.12","1110107957441.81","1165444342122.21","1148838101214.51","1250109175218.83","1284593502395.33","1260982576565.63","1222262997077.03","1262967880610.57","1322577157396.53","1372526021632.22","1441768452323.03","1485598217735.56",
"Iraq","IRQ","GDP, PPP (constant 2021 international $)","NY.GDP.MKTP.PP.KD","","","","","","","","","","","","","","","","","","","","","","","","","","","","","","","188735900982.438","67856016582.9116","89971792817.0171","117224095451.429","121742536248.728","124323504188.86","138024931090.933","167338577797.929","225908699227.165","265623833441.856","310238369622.124","315719067854.377","289818407492.81","183580310188.345","281585663496.779","286302867166.176","302445479298.349","308157281224.818","333512792372.255","344783187144.691","366858154275.294","394542999234.094","449528208827.787","483819505901.655","494771670848.172","507669212666.001","577663460717.405","567151427862.344","582089351365.886","614184539162.04","540256416973.202","548372044650.92","592017239177.052","595082145134","585886626484.749",
"Iceland","ISL","GDP, PPP (constant 2021 international $)","NY.GDP.MKTP.PP.KD","","","","","","","","","","","","","","","","","","","","","","","","","","","","","","","10222792388.7867","10199941837.0365","9855806596.48974","9985257636.96735","10345611400.2426","10357672696.7631","10830720405.3609","11455827611.1818","12299365197.2485","12795635965.9642","13433503890.3452","13972657238.9994","14050836924.4859","14351902573.734","15471695341.8395","16419249893.7447","17456452763.748","18932371423.9975","19350681491.5691","17867682121.2467","17361530902.8368","17681986420.1588","17870058498.5993","18683585815.4109","18998818084.3307","19841731757.1132","21092492447.2222","21977311703.78","23051820494.2067","23480855893.4232","21851178110.1074","22951036648.8571","25011803539.7336","26424085476.9069","26560661829.9912",
"Israel","ISR","GDP, PPP (constant 2021 international $)","NY.GDP.MKTP.PP.KD","","","","","","","","","","","","","","","","","","","","","","","","","","","","","","","118062368567.332","127184003064.32","137052548451.513","142694667952.52","153293807114.933","163415681711.413","172958239905.052","179206090151.769","186574979997.201","192726879137","209266872248.444","209848482071.792","209567132683.087","212603881344.296","222485491711.087","232247685354.675","245257334361.598","260765812799.922","269167937623.184","272499514236.726","287580564776.768","303451550097.053","310877520441.453","323579071852.526","335796862447.96","343310663703.058","358621573354.026","374210606297.97","389193619606.426","403634634568.803","395474694304.129","432603337813.424","459698424504.046","468094910441.995","472176550257.167",
"Italy","ITA","GDP, PPP (constant 2021 international $)","NY.GDP.MKTP.PP.KD","","","","","","","","","","","","","","","","","","","","","","","","","","","","","","","2419458129490.78","2456680224824.99","2477175704024.68","2456050207631.18","2508880428962.8","2581307710428.38","2616041393896.52","2666419058301.97","2714531211372.49","2760080816520.44","2867229882174.94","2924758937271.92","2932653729237.93","2934605521995.8","2977862244389.35","3000565784096.06","3054560362937.54","3099226956375.59","3067517571817.73","2904781040277.21","2949198213679.82","2969708800607.37","2876898309730.64","2824595576142.56","2824556381565.56","2849572563276.21","2884799580139.13","2931063109648.27","2955292646480.9","2967975655283.17","2704769008361.9","2946333608376.65","3088381557782.51","3110474990168.75","3133050580636.49",
"Jamaica","JAM","GDP, PPP (constant 2021 international $)","NY.GDP.MKTP.PP.KD","","","","","","","","","","","","","","","","","","","","","","","","","","","","","","","20805277769.4142","21811886781.1741","22238427497.7663","24332643024.5384","24669258326.8761","25248975300.009","25220259335.8685","24932632398.4391","24350566745.3239","24605681270.4913","24821892264.8154","25155729232.2209","25658162334.0912","26598872053.7327","26950967999.3659","27191855195.0614","27980181162.0449","28380844495.6571","28150466764.1848","26927244008.8601","26534874424.1964","26994027593.8355","26828382511.9075","26967269295.6328","27153295548.4074","27403509671.0024","27780369056.4683","28057373523.1322","28587636469.6716","28842721563.9156","25981430581.2625","27176946493.566","28595996149.7852","29340825496.7999","29129921615.1579",
"Jordan","JOR","GDP, PPP (constant 2021 international $)","NY.GDP.MKTP.PP.KD","","","","","","","","","","","","","","","","","","","","","","","","","","","","","","","27489630060.895","27931809302.168","31939961386.4483","33373104189.5487","35032240288.2813","37204545523.3862","37981012120.189","39237604556.4177","40419508965.259","41789540668.4406","43563804178.2448","45859598176.5535","48512029251.0844","50530938632.9143","54860032404.276","59329256957.3256","64130759055.5738","69374198907.495","74383284111.6519","78120084647.9938","79928435100.6111","82116220149.6362","84111117113.9621","86306373007.5702","89227048074.8495","91454627021.3176","93278397679.1765","95585730402.7069","97420088352.2411","99126148666.0744","98033033195.0242","101616771489.092","104307009614.896","107315310756.743","109986275190.311",
"Japan","JPN","GDP, PPP (constant 2021 international $)","NY.GDP.MKTP.PP.KD","","","","","","","","","","","","","","","","","","","","","","","","","","","","","","","4355367751167.16","4508822915962.05","4549428746903.57","4528536873121.02","4577598279647.32","4698034872826.11","4845265224933.84","4892808359476.59","4830653522840.84","4814522523575.98","4947627102634.08","4966730060390.08","4968814224456.22","5045091758636.98","5155383301369.08","5248381305705.58","5320407473250.48","5399360692724.65","5333256913659.98","5029621991936.48","5235731772823.73","5236978375626.26","5308973788165.35","5415424030978.76","5431464815572.69","5516229705512.24","5557812520391.56","5650924318247.5","5687281858057.76","5664409362056.56","5428273471388.26","5574650884739.54","5627164027811.25","5710166656067.31","5714945983582.44",
"Kazakhstan","KAZ","GDP, PPP (constant 2021 international $)","NY.GDP.MKTP.PP.KD","","","","","","","","","","","","","","","","","","","","","","","","","","","","","","","288834656343.715","257062844141.018","243438513404.283","221042170166.139","193190856728.926","177349206474.87","178235952510.922","181265963702.708","177821910393.399","182623101970.183","200520165967.172","227590388369.604","249894246428.934","273134411347.668","299355314840.782","328392780378.023","363530807878.472","395885049779.634","408949256423.197","413856647497.939","444068182778.938","476929228310.983","499821831247.413","529811141105.818","552063209062.287","558687967573.976","564833535212.271","587991710170.511","612099370246.921","639643841913.657","623652745889.61","650469813945.991","671284847990.359","705520375237.867","739385353249.286",
"Kenya","KEN","GDP, PPP (constant 2021 international $)","NY.GDP.MKTP.PP.KD","","","","","","","","","","","","","","","","","","","","","","","","","","","","","","","95633729813.2119","97009274497.7782","96233691208.8466","96573585965.7625","99116160385.3891","103483433023.06","107774724660.321","108286548898.402","111849407789.869","114427971280.882","115114190550.448","119465399319.131","120118707240.57","123641158956.222","129952174356.235","137628015358.898","146535980808.419","156574764869.405","156938461030.929","162128321485.866","175193389475.644","184165228865.401","192579148133.479","199893012215.302","209927863314.401","220356494132.985","229641252624.049","238454787849.2","251922586472.068","264806307742.621","264084005302.165","284129273925.386","297937902775.433","314490954311.823","328632034677.714",
"Kyrgyz Republic","KGZ","GDP, PPP (constant 2021 international $)","NY.GDP.MKTP.PP.KD","","","","","","","","","","","","","","","","","","","","","","","","","","","","","","","26767574229.8117","24641178145.0418","21231371881.7068","17949144416.0024","14344030249.7486","13566035592.5271","14527121709.0358","15967522710.1964","16306327241.1597","16902452223.9302","17822509597.691","18770956084.5805","18767704089.0757","20087128712.9416","21498613569.1635","21460880190.6936","22126789572.1528","24017053497.0464","26034874118.0585","26786317277.4343","26660001952.6433","28247944796.511","28223044176.7211","31303721942.4826","32563395806.3365","33825496186.795","35292120966.3226","36964945345.0664","38354054772.7972","40118581257.2035","37250512878.8033","39301901464.0311","42826301521.6796","46686361487.7722","50906871854.8587",
"Cambodia","KHM","GDP, PPP (constant 2021 international $)","NY.GDP.MKTP.PP.KD","","","","","","","","","","","","","","","","","","","","","","","","","","","","","","","19514316431.8982","20995706332.9132","22469088082.495","23389954628.5137","15248229812.5049","16758333509.9655","17746657168.3462","18457698475.2245","19321820012.7488","21776730888.1765","23953005981.1928","25723063815.349","27334632491.082","30145638982.9508","32996721516.796","37386385535.0596","41477712320.6352","45790754857.6331","49214239315.3164","51219610560.8237","53819988410.3346","57741666976.1351","62159052652.63","67043200062.785","72406871106.3148","77625259450.4465","83761925237.7692","90525733498.0022","98470474432.2002","106286026886.454","102506791315.605","105674090069.142","111095066386.122","116657963460.531","123675890227.592",
"Kiribati","KIR","GDP, PPP (constant 2021 international $)","NY.GDP.MKTP.PP.KD","","","","","","","","","","","","","","","","","","","","","","","","","","","","","","","165694553.146539","156334991.477662","193791656.651343","193590123.639849","197549538.347204","202986513.132483","202880865.204312","205269043.012946","214387656.324801","205996026.28105","219885648.890376","212972160.046266","216054197.185129","212650334.83933","211355363.204923","214086983.948369","226454648.780585","233373019.047119","226407461.697155","227622819.656319","230413366.141879","237933429.834309","251742276.524957","271204275.279648","274631382.494131","305569489.142648","327228360.436701","339496537.230947","351309114.59898","362776854.340079","357451046.402043","387761958.155448","405468433.001268","416221499.938744","438143467.055005",
"St. Kitts and Nevis","KNA","GDP, PPP (constant 2021 international $)","NY.GDP.MKTP.PP.KD","","","","","","","","","","","","","","","","","","","","","","","","","","","","","","","579230492.366387","568429644.343864","592695757.076888","633010622.664127","666571067.441893","702453538.912685","743496761.398274","794232733.377274","790366839.070653","815815753.604414","897746566.759705","944909232.245951","957832898.237166","920157548.247361","956930233.705024","1050066537.60414","1083147636.38898","1089653046.29303","1212969471.92886","1171671013.26522","1171036035.4564","1189967089.54084","1181189455.12484","1248839492.85438","1343463636.91338","1352789095.3213","1405990275.26394","1409096686.30904","1437328297.71085","1479560547.26981","1253159832.06339","1257766533.81363","1387849830.80421","1447923711.7364","1464812876.3964",
"Korea, Rep.","KOR","GDP, PPP (constant 2021 international $)","NY.GDP.MKTP.PP.KD","","","","","","","","","","","","","","","","","","","","","","","","","","","","","","","593310404487.684","657257732890.084","697998792016.564","746003478356.041","815148051633.123","893520994108.782","964026084909.492","1023511819884.83","971011311619.047","1082356619679.56","1180427148971.75","1237706190890.48","1333320760039.91","1375284246904.88","1446763151573.57","1509097559931.15","1588541384118.08","1680669610782.83","1731307931917.66","1745031992399.42","1863778364242.44","1932471042943.54","1978899258670.61","2041525654416.84","2106904570203.91","2166089695344.23","2229921796508.7","2300379202568.08","2367260514314.6","2420381316146.95","2403210759334.21","2506662609666.9","2572153486613.73","2607050748030.45","",
"Kuwait","KWT","GDP, PPP (constant 2021 international $)","NY.GDP.MKTP.PP.KD","","","","","","","","","","","","","","","","","","","","","","","","","","","","","","","65594963015.1907","38695917893.1129","70739747860.9494","94784518906.7515","102780697927.278","107774083583.452","108426253833.37","111107987755.779","115176823074.524","113116299200.411","118426636475.584","118679279070.439","122256608584.282","143438813549.356","158127375588.58","174903179996.827","188046756943.79","199313720381.299","204256216200.378","189802931078.757","185303561402.883","203145763359.244","216605947782.42","219095758083.238","220193241028.516","221498482118.129","227979695772.166","217236784793.937","223196307852.29","228249063601.981","217252503445.647","220886348976.419","235815321854.92","231883794902.019","225947312053.236",
"Latin America & Caribbean (excluding high income)","LAC","GDP, PPP (constant 2021 international $)","NY.GDP.MKTP.PP.KD","","","","","","","","","","","","","","","","","","","","","","","","","","","","","","","4834211196488.07","4985260349708.96","5106520804110.98","5344287510001.92","5628881272905.06","5654521510052.41","5870926148489.74","6182946496538.68","6356029406923.98","6380452962115.58","6607761910475.08","6617090976136.26","6642780765373.32","6801660831061.05","7157948520334.1","7437708261963.26","7821623066605.34","8234487100550","8540859306246.75","8335067468203.06","8892847977583.06","9293955453114.29","9517501700791.98","9789066485262.07","9927148908397.85","9961957295906.44","9923994585108.43","10124245885769.9","10287064517983.5","10358651886469.8","9685724811570.31","10376937868562.7","10787470327867.7","11028044254648.4","11250584960992",
"Lao PDR","LAO","GDP, PPP (constant 2021 international $)","NY.GDP.MKTP.PP.KD","","","","","","","","","","","","","","","","","","","","","","","","","","","","","","","8647627883.05425","9019178718.49532","9520632227.1012","10083544991.8575","10906263296.4981","11673110406.1407","12481861284.2437","13339626184.0424","13868890271.96","14882203552.1566","15745190141.8483","16650761035.6206","17636276902.7053","18706270228.634","19895557925.4518","21309648307.2208","23146383622.8786","24904774760.2269","26853549168.651","28868041983.2359","31329592647.869","33848069786.9643","36564749186.2825","39499545733.2195","42506236713.3166","45596468110.0697","48798633403.5084","52162094276.3004","55421161065.7887","58445901221.9388","58739902707.842","60225053628.2101","61855602705.6979","64172516512.0818","66905147346.7291",
"Lebanon","LBN","GDP, PPP (constant 2021 international $)","NY.GDP.MKTP.PP.KD","","","","","","","","","","","","","","","","","","","","","","","","","","","","","","","19218051453.9939","28720874228.4022","33442110823.4426","37042378047.9044","40044752422.8499","42627183473.0372","47438059997.4167","47938515718.0538","49695809290.9337","49434615753.1695","50097964832.271","52021560996.3529","53802336972.3502","55538591257.3537","59248260701.1235","60839538228.666","61782255999.9562","67534568644.4133","73659365299.9419","81196306155.0343","87671821639.3519","88432234310.6836","90700336595.223","94172230742.894","96511525556.7738","96957718406.6759","98464974044.7293","99354140787.4961","97481607576.9354","90740827788.8486","71322381662.8598","66328931529.5091","65916578510.7246","65415227251.247","",
"Liberia","LBR","GDP, PPP (constant 2021 international $)","NY.GDP.MKTP.PP.KD","","","","","","","","","","","","","","","","","","","","","","","","","","","","","","","4150264277.29327","3559880300.20954","2310872163.70863","1548852933.73391","1211786194.46679","1160088911.36762","1300705650.95751","2683093203.55195","3493605416.05604","4253165779.13864","5470248902.23688","5629995200.54977","5841852911.78275","4080818597.75469","4187729797.06933","4408892704.61405","4763540064.53089","5217756726.7023","5590601506.20888","5886933603.40207","6246026265.20687","6758248402.48728","7298490239.55171","7932531092.9132","7988169318.67705","7986686317.47471","7862496650.32942","8055533202.30941","8148782050.60971","7947727343.76708","7710687069.05964","8095196890.78495","8484422471.24775","8881812193.11901","9307509886.14686",
"Libya","LBY","GDP, PPP (constant 2021 international $)","NY.GDP.MKTP.PP.KD","","","","","","","","","","","","","","","","","","","","","","","","","","","","","","","80555801699.8126","93166918529.9046","90639976347.909","87229019426.1155","88916714929.1545","86942402005.743","88797859977.8394","93426600292.5007","90107858790.938","90783360696.1929","94123526021.8574","92464279918.7403","91577642404.7609","103497422450.823","108115103811.247","120949184548.853","128811517035.241","136836452372.431","136614711311.325","130603415698.489","137169172874.237","68120248021.5859","127266844407.705","104361406654.041","80313610359.1497","79636842700.156","78449504267.8499","103939162010.668","112193353209.168","99632092392.0287","70285163941.3602","90199384483.2022","82756464976.3415","91161061089.0784","90608777729.1239",
"St. Lucia","LCA","GDP, PPP (constant 2021 international $)","NY.GDP.MKTP.PP.KD","","","","","","","","","","","","","","","","","","","","","","","","","","","","","","","2374193748.52022","2383113072.94363","2572643851.55943","2587647504.28164","2629012606.41972","2674973684.80025","2753152143.57643","2734041684.69112","2905916428.20857","2983521934.375","2984976358.16196","2883246454.62839","2895253748.70434","3018725072.66045","3238108166.35029","3224822055.50136","3424608079.02983","3482539385.39301","3654901471.27318","3551507980.06129","3563228615.0607","3717407479.25723","3713364570.06757","3645826785.08737","3694246654.0984","3698011750.36001","3824774865.07875","3954045607.0164","4068190166.10883","4039699719.25152","3055569354.26397","3409978230.91316","4105219705.07015","4195940247.80877","4359235762.56497",
"Latin America & Caribbean","LCN","GDP, PPP (constant 2021 international $)","NY.GDP.MKTP.PP.KD","","","","","","","","","","","","","","","","","","","","","","","","","","","","","","","5490012401455.95","5668904000102.77","5832048553039.45","6106395674948.75","6429168807028.94","6484342154346.7","6735228582147.55","7100817862100.81","7313531022480.43","7352495849769.4","7615605059304.22","7645704930509.35","7684914189621.79","7876470834821.3","8299927216130.84","8625335375364.62","9068727079925.17","9543073653492.31","9895333248669.46","9670767047837.73","10297027899040.9","10763569931487.1","11047747288321.1","11363899500993.7","11530731662384.3","11587449701500.5","11563808153149.2","11789423787736.8","11985606181285","12076397217324.8","11282263348715.5","12111316973474.3","12601951700796.9","12891012396864.3","13181012237781.3",
"Least developed countries: UN classification","LDC","GDP, PPP (constant 2021 international $)","NY.GDP.MKTP.PP.KD","","","","","","","","","","","","","","","","","","","","","","","","","","","","","","","988928511488.822","1005990389080.51","1011164132302.6","1011222576929.85","1016603859638.35","1074724250503.57","1135354887511.24","1196283895152.49","1243880221620.76","1297463594061.77","1356275086831.5","1424381031859.12","1503735065949.11","1585594028391.27","1691696202230.53","1822942007184.38","1956468573240.71","2107740319443.32","2250347216026.81","2353203036119.28","2501914621779.42","2628534877297.94","2757693546096.08","2917280666417.77","3093106408087.92","3255043376065.39","3413689839621.62","3594131943870.15","3778949917991.21","3987280689086.33","3990586160040.15","4098820708936.83","4304032882627.14","4448217884536.63","4627389768430.12",
"Low income","LIC","GDP, PPP (constant 2021 international $)","NY.GDP.MKTP.PP.KD","","","","","","","","","","","","","","","","","","","","","","","","","","","","","","","498315236316.168","509056062777.024","513698462983.953","514201930861.091","519195988028.785","545051535451.042","576910518544.012","615451534707.107","645045311644.87","653613881839.136","666950087450.723","689414992830.575","729230653612.466","776710530866.175","823991823102.886","877574051252.735","929275106758.974","987260668362.157","1039377102010.87","1080003414303.8","1148795701482.13","1181668709533.76","1116792667353.33","1104123686919.59","1135589267608.82","1169067505885.55","1197568890252.86","1230636607365.01","1268365514035.03","1311585110351.84","1302019563067.63","1310964851516.4","1355470001969.74","1349952228980.79","1391676240989.45",
"Liechtenstein","LIE","GDP, PPP (constant 2021 international $)","NY.GDP.MKTP.PP.KD","","","","","","","","","","","","","","","","","","","","","","","","","","","","","","","","","","","","","","","","","","","","","","","","","","","","","","","","","","","","","","","","","",
"Sri Lanka","LKA","GDP, PPP (constant 2021 international $)","NY.GDP.MKTP.PP.KD","","","","","","","","","","","","","","","","","","","","","","","","","","","","","","","74593031179.7532","78024301098.9686","81457363521.6164","87077973127.6079","91954268850.2198","97011832013.4292","100698249815.571","107148375202.845","112182659158.634","117007119847.634","124027585836.052","122110853436.559","126952152751.664","134493452225.455","141816703115.177","150668544407.599","162222248195.881","173248212331.972","183556633674.909","190052541508.439","205287091222.38","223084420720.924","242341472548.613","252160534266.898","268243279918.649","279525472841.473","293651641710.724","312623538327.707","319845405465.473","319140197883.651","304381511441.83","317188291991.223","293877512197.936","287030612299.665","301407170002.3",
"Lower middle income","LMC","GDP, PPP (constant 2021 international $)","NY.GDP.MKTP.PP.KD","","","","","","","","","","","","","","","","","","","","","","","","","","","","","","","4964610318265.7","5061890623403.1","5262486859034.01","5403667145742.56","5638035773035.9","5950611830565.39","6333029318422.85","6591973110858.59","6909314120388.23","7316767564496.27","7633530482097.79","7970913900005.56","8310642911293.25","8819959799077.88","9445991273867.45","10094300570350.8","10817173168652.9","11574393912389.9","12090783461681.2","12827567123855.1","13717585744045.1","14374909313279.4","15120585919617.5","15980472711709.5","16976220851532.5","18037013463507.9","19148707669273.4","20246479609403.7","21402489585303.7","22305123641246.5","21515991447690.7","23005935126235.4","24476912241967.7","26040497644114.1","27429009090489.3",
"Low & middle income","LMY","GDP, PPP (constant 2021 international $)","NY.GDP.MKTP.PP.KD","","","","","","","","","","","","","","","","","","","","","","","","","","","","","","","17843927981571.4","18187893035953.3","18808039401482.7","19533884373949.7","20289655481621.4","21161264294098.6","22406050455983.1","23562321314693.5","24247501581258.9","25150210791627.3","26495834453922.5","27457742179634.5","28718250264627.9","30381907685512.9","32682015701501","34969809716880.7","37700440610344.1","40824697267451.7","43045458780822.1","44597710733229.9","48056893337706.3","50951701133922.4","53568491701357.9","56421953736074.1","59241996058095.6","62004006572320.5","65023372093926.8","68420181529042.5","71810154905377.5","74689649953402","73447244682548.2","78687432735113.7","81966765513012.3","86051756662436.3","89856544425927",
"Lesotho","LSO","GDP, PPP (constant 2021 international $)","NY.GDP.MKTP.PP.KD","","","","","","","","","","","","","","","","","","","","","","","","","","","","","","","2573660195.77832","2752956994.7526","2944462730.33434","3047806486.76679","3230061460.27806","3336360784.2619","3523098100.40464","3653579682.7075","3709759166.05296","3727418549.0597","3871876398.45713","4009776444.89645","4038800653.01738","4222960962.8869","4294429263.58341","4443279430.83502","4631234382.0078","4825186499.67611","5091701799.9031","5027864191.47438","5292816081.65889","5537154381.35101","5887882377.05508","5993424173.35662","6095944684.88747","6286386067.74237","6513255914.50827","6308858549.7947","6215447498.18469","6127312836.10058","5627571725.69364","5755132494.46552","5892552408.75934","6000187259.42948","6165926723.10056",
"Late-demographic dividend","LTE","GDP, PPP (constant 2021 international $)","NY.GDP.MKTP.PP.KD","","","","","","","","","","","","","","","","","","","","","","","","","","","","","","","12236281717261.7","12139134239847.5","11881516598615.8","12141256355115.8","12387849188486.4","12939886753122.9","13475129927453.1","14122924994379.1","14353012655617.6","15000291513579.8","16060801241528.5","16863929423131.6","17842556373067.8","19049130423339.6","20562905904976.8","22093174088125.1","24075705832633.3","26430955945750.9","28189499303741.9","28876510581761.9","31048271531871.3","33129369165502.2","34979026385797.5","36788716149960.6","38542567979224.2","40080362516057.8","41685646756784.1","43767160405308.4","46042406761149.1","48112758659197.8","48006664465512.9","51472823246247.5","53071349485400.4","55333952341209.6","57784916900182.8",
"Lithuania","LTU","GDP, PPP (constant 2021 international $)","NY.GDP.MKTP.PP.KD","","","","","","","","","","","","","","","","","","","","","","","","","","","","","","","76124535262.5891","71803963182.8633","56539179786.6613","47364644892.7346","42738989025.3586","44145136034.1417","46364287199.094","50212815304.7929","53960166151.92","53368218715.1786","55192676416.2555","58771439457.6472","62720785832.2641","69339017900.4339","73847465363.1208","79556942829.6177","85440561599.5165","94905605716.6299","97372640442.2852","82923892337.8837","83278142846.5182","88544350007.5117","92425165498.1257","96165531707.6236","99793418507.7672","102620372887.397","105362309361.536","110221875208.359","115642992428.341","121052022057.089","121103851489.541","128830296666.031","132099398604.998","132551525594.85","136226690609.618",
"Luxembourg","LUX","GDP, PPP (constant 2021 international $)","NY.GDP.MKTP.PP.KD","","","","","","","","","","","","","","","","","","","","","","","","","","","","","","","31101901073.3861","33790408718.2072","34405276895.1542","35850521111.5749","37220341447.5175","37753411251.3363","38281232443.6243","40356010485.7532","43049577614.3862","46568958869.5929","49799973664.48","51331001898.5771","52986641182.5435","54374561929.7148","56675633191.6081","58082818310.5338","61577496185.4226","66564452690.342","66364642428.493","64215122127.2626","66629876918.67","67325691759.3528","68436499780.1424","70607161767.8682","72459248902.0886","74103917509.039","77792951405.4508","78817630155.2784","80087615172.5418","82289479425.9634","81869760591.5084","87543117438.5072","86584473456.8254","85983895211.8288","86870919445.7431",
"Latvia","LVA","GDP, PPP (constant 2021 international $)","NY.GDP.MKTP.PP.KD","","","","","","","","","","","","","","","","","","","","","","","","","","","","","","","46628541794.6285","40755573537.4129","27665465932.7663","26286901341.8141","26862561292.6113","26608774388.1379","27220765831.761","29717311929.784","31663796647.9693","32556210536.3906","34457827396.3243","36684002304.4657","39496010020.4827","42825181065.2032","46561739531.8517","51970033577.6406","58635199659.0156","64741784386.279","62547868753.7712","52515178389.2518","50592461906.5082","52128623506.3006","55936744860.3127","57109229533.1521","58305644917.4316","60511561516.8371","62055626572.3888","64164865501.3308","66930186963.3331","67382215222.2546","65044572876.3954","69560319491.8466","70817115853.6798","72838390722.2113","72516087306.6942",
"Macao SAR, China","MAC","GDP, PPP (constant 2021 international $)","NY.GDP.MKTP.PP.KD","","","","","","","","","","","","","","","","","","","","","","","","","","","","","","","18503630764.2433","19180755194.558","21731643041.2962","22858640454.9425","23830921688.2149","24616270279.614","24513254767.9935","24444770673.1896","23327418906.6988","22777231192.9502","24086145511.9488","24781789584.8021","26990064044.5776","30131844236.0605","38156251017.6474","41237456544.9939","46759396628.563","53528518889.3357","55343829683.997","56049119404.0057","70130220947.4615","85289898755.843","93172514524.2443","103191255311.698","101077508194.046","79331396682.0168","78792590831.9117","86561580876.8215","92106091774.7344","89745030264.0161","40981075243.6012","50626336573.1949","40698843607.8319","71248151452.7816","77523802405.0799",
"St. Martin (French part)","MAF","GDP, PPP (constant 2021 international $)","NY.GDP.MKTP.PP.KD","","","","","","","","","","","","","","","","","","","","","","","","","","","","","","","","","","","","","","","","","","","","","","","","","","","","","","","","","","","","","","","","","",
"Morocco","MAR","GDP, PPP (constant 2021 international $)","NY.GDP.MKTP.PP.KD","","","","","","","","","","","","","","","","","","","","","","","","","","","","","","","108500615233.637","116330115276.085","113889813365.34","113046354860.033","125015703383.031","118258044704.88","132889966255.594","130815949435.299","140285130844.986","142665855758.875","146349746258.498","157650617839.043","163531297047.122","173622980434.355","181559946924.094","187355793839.854","201952346516.979","208901663617.481","220776760915.46","229046549271.15","237062164034.805","250159007579.871","257819736151.026","268447614492.459","275747360357.991","287727433233.845","289227026912.904","303855835390.371","313170965464.504","322224659036.024","299094704579.634","323485096796.555","328425372774.826","339602809128.74","350594100691.351",
"Monaco","MCO","GDP, PPP (constant 2021 international $)","NY.GDP.MKTP.PP.KD","","","","","","","","","","","","","","","","","","","","","","","","","","","","","","","","","","","","","","","","","","","","","","","","","","","","","","","","","","","","","","","","","",
"Moldova","MDA","GDP, PPP (constant 2021 international $)","NY.GDP.MKTP.PP.KD","","","","","","","","","","","","","","","","","","","","","","","","","","","","","","","47357419839.872","39780232536.91","28204184901.4317","27865734701.5037","19255222615.7222","18985649681.0805","17869851603.5838","18164179596.3378","16975844077.9138","16404054449.8236","16749805343.5638","17771543536.4017","19157723871.4159","20422133638.8404","21933371473.7063","23578374366.9967","24710136298.1111","25451440442.8635","27436652834.4172","25790453592.0488","27621575824.6951","29228644998.5535","29056273754.48","31684084103.3587","33268169763.8176","33155644962.7601","34696060989.7407","36144833893.6724","37617951104.982","38954258880.7035","35730412861.1096","40707659297.2633","38835106969.5892","39301128253.2243","39341631765.0886",
"Madagascar","MDG","GDP, PPP (constant 2021 international $)","NY.GDP.MKTP.PP.KD","","","","","","","","","","","","","","","","","","","","","","","","","","","","","","","23728781480.4712","22232361091.7258","22494899697.4991","22967275310.814","22957605788.7314","23342970396.6331","23845825708.757","24726569520.753","25695127696.1797","26902600084.0202","28101611020.8415","29782153615.0076","26086792599.8574","28639357114.5585","30144929155.4134","31578575290.0397","33283347345.0001","35184014262.6627","37545787852.6304","36051950358.0243","36275198363.3526","36847775908.0906","37957317018.2131","38830478115.6895","40127106649.315","41384007238.4058","43036531093.742","44729290239.7165","46158103237.6953","48194244317.8978","44754297418.435","46835678113.5552","48782214693.6642","50832553694.153","52967520949.2984",
"Maldives","MDV","GDP, PPP (constant 2021 international $)","NY.GDP.MKTP.PP.KD","","","","","","","","","","","","","","","","","","","","","","","","","","","","","","","2010676976.40034","2039684933.91546","2175748752.83696","2296650083.97809","2474628666.33656","2795978613.69979","3015704708.16521","3268961801.43333","3513960130.98855","3730970214.57525","3874456248.84217","3721661863.68228","3992166628.80889","4541091522.73318","4810146317.55935","4272501363.15744","5282105060.66761","5658897698.98926","6166866082.09769","5652506359.2308","6036055364.3137","6569849450.46973","6726822083.25911","7196015385.42241","7761671586.13732","8061903547.40275","8575872716.20882","9182566718.38308","9969416783.1549","10659605469.594","7151654162.4776","9834087308.92595","11193757024.7834","11722817855.7535","12324662896.8558",
"Middle East, North Africa, Afghanistan & Pakistan","MEA","GDP, PPP (constant 2021 international $)","NY.GDP.MKTP.PP.KD","","","","","","","","","","","","","","","","","","","","","","","","","","","","","","","3485855112693.43","3538878510992.02","3753785425331.38","3839447843600.21","3941053862361.23","4062280072210.2","4274784360847.51","4441294613201.03","4645908365262.74","4786239842796.2","5075831676683.37","5186528737471.81","5307404701801.81","5534788322705.81","5976378331296.5","6287604315985.84","6650372931150.9","7001867871749.77","7312571946418.18","7438851627387.78","7791184021061.56","8114738948067.49","8365193415759.43","8536971023278.1","8807329078942.17","9084439188122.88","9516993158833.34","9740891547586.3","10011364505910.3","10186944226018.5","9921083378161.78","10383200903096.3","11036395006693.5","11281752124664.8","11525544763693.2",
"Mexico","MEX","GDP, PPP (constant 2021 international $)","NY.GDP.MKTP.PP.KD","","","","","","","","","","","","","","","","","","","","","","","","","","","","","","","1421988576634.25","1478525491145.11","1531288352075.42","1575190380777.94","1644406260583.15","1547216923553.73","1643427469549.89","1761735777744.66","1870700526150.81","1922238894208.39","2018913747237.07","2009811570441.13","2005056597404.21","2028827442977.1","2101164088980.4","2145566878466.58","2248661656985.64","2295385786678.25","2317038892410.3","2171175488398.86","2279111886202.67","2357605526601.7","2441376219736.39","2462179224350.12","2523826369040.22","2592028320808.89","2637971847418.68","2687347519413.19","2740344218190.75","2729583146638.88","2501552827067.41","2652858835981.85","2751306133744.76","2841972427276.36","2883296481990.13",
"Marshall Islands","MHL","GDP, PPP (constant 2021 international $)","NY.GDP.MKTP.PP.KD","","","","","","","","","","","","","","","","","","","","","","","","","","","","","","","174302390.851228","174455427.151327","186913081.947981","198139548.513774","209785591.721724","227015899.807501","203626549.025116","190501442.325797","189217279.752475","186691755.889551","191273974.481539","204529345.957399","211965603.772581","208655389.708105","207803334.007827","211525184.766176","211897369.842011","219713256.434544","203088989.713918","210532691.230616","222194490.273444","221077935.045939","218224516.131205","226536649.491518","223683230.576783","227901328.102912","233608165.932381","241920299.292694","255194900.330806","281868164.098975","274052277.506442","277401943.188956","274300400.890332","263507033.691119","270808729.331263",
"Middle income","MIC","GDP, PPP (constant 2021 international $)","NY.GDP.MKTP.PP.KD","","","","","","","","","","","","","","","","","","","","","","","","","","","","","","","17397374961709.2","17731871467505.3","18346252740068.4","19069143692563.4","19818399540691.1","20667032287137.8","21882901441976.6","23005454005363.4","23665479696751","24558354218545.1","25888886117021.4","26830184074885.1","28055225910764.3","29676206649279.4","31932279433905.7","34170931541713.7","36852896034660.8","39922423254734.5","42095397810725.6","43610826558162.9","47005667053475.4","49866754390211.8","52530144405034.5","55387096411545.2","58174742678573.2","60902856241668.2","63891763376668.4","67253489270743.1","70604597463086.5","73441976607851.6","72210342543702.3","77430685395505.1","80665896695188.9","84745595468928.1","88504862266346.4",
"North Macedonia","MKD","GDP, PPP (constant 2021 international $)","NY.GDP.MKTP.PP.KD","","","","","","","","","","","","","","","","","","","","","","","","","","","","","","","26630912159.3728","24987580447.4575","23347096146.5421","21603238190.3458","21223417362.4241","20986834051.4414","21235549837.9068","21541337792.2952","22269162651.1636","23235427834.6058","24292438996.5372","23547327552.1592","23899045853.3915","24430226442.6136","25572117111.0427","26780166591.0095","28155870487.0906","29978537062.6938","31618963027.5128","31505572728.4732","32563766422.7261","33325721449.0441","33173695098.6472","34144111157.1199","35383243123.3471","36747573260.4894","37794219550.6287","38203067114.3174","39303543408.595","40840476849.3289","38925691508.5795","40681504691.9464","41803860278.2286","42670262877.0922","43846361644.9253",
"Mali","MLI","GDP, PPP (constant 2021 international $)","NY.GDP.MKTP.PP.KD","","","","","","","","","","","","","","","","","","","","","","","","","","","","","","","14832247219.9212","16574324883.0381","16040853305.0061","16549696148.9154","17175263748.987","17333451774.9778","18556462935.3473","19452559047.0174","20925442165.5134","22118389832.7597","22104934116.5394","25503841718.3134","26296069658.2009","28694019293.452","29141645610.0834","31328634210.5701","33413323336.8123","34708099026.3506","36977090309.6295","38690427430.5596","41368471213.6574","43031126024.48","42785595329.7086","43804802100.6749","47135077376.1393","49951264433.4497","52950869374.7307","55797268613.6698","58513395953.5191","61439065234.5201","60720796476.7762","62603712698.5219","64800027976.7835","67856749650.3454","71252671858.2441",
"Malta","MLT","GDP, PPP (constant 2021 international $)","NY.GDP.MKTP.PP.KD","","","","","","","","","","","","","","","","","","","","","","","","","","","","","","","6442917832.07212","6846018539.6651","7167160625.86429","7488303113.02598","7911474916.67596","8413259626.84346","8731056683.45933","9190046666.93473","9661091788.19109","10117092997.2567","12108265311.0434","12016645381.7907","12346036068.3601","12802130902.1674","12854256026.0311","13224544886.7089","13533486486.224","14215122721.3646","14842027576.4482","14634930449.7129","15541907604.9411","15696077682.8302","16340023443.7924","17368091271.3808","18693472786.2379","20491990040.7808","21327595872.5648","24094237062.2528","25826395024.4923","26881327338.9951","25978560289.9252","29433654077.1052","30690270524.7113","32776077404.2413","34732573880.3403",
"Myanmar","MMR","GDP, PPP (constant 2021 international $)","NY.GDP.MKTP.PP.KD","","","","","","","","","","","","","","","","","","","","","","","","","","","","","","","30871439712.1199","30670584905.4176","33633652463.272","35664926709.7287","38331935077.6166","40995257643.6183","43636465399.4233","46102616443.6136","48807094193.4393","54149094093.2071","61592390964.0288","68579429990.3069","76826458556.7735","87462311090.3621","99326277631.6017","112803810601.795","127554151235.728","142849724677.366","157499400196.062","174115601243.196","190890663421.535","201564281228.449","216344325709.879","234573500811.761","253737938743.403","271481427555.53","287396952715.732","305031940823.186","324153972904.25","345480419570.294","314220151769.184","276462287916.21","287624434643.866","290381161330.748","287558521666.165",
"Middle East, North Africa, Afghanistan & Pakistan (excluding high income)","MNA","GDP, PPP (constant 2021 international $)","NY.GDP.MKTP.PP.KD","","","","","","","","","","","","","","","","","","","","","","","","","","","","","","","2293927711419.45","2299075876905.53","2419859549224.19","2462537798467.05","2519365939567.09","2601613983992.72","2758853420600.93","2855784754403.03","3018592314740.86","3149250309293.54","3331375121569.3","3426802261123.24","3538389678399.59","3629312593946.91","3909748044166.24","4100058483648.01","4327539224150.02","4583012565900.26","4753706054667.78","4904875159356.64","5136308155318.06","5207209596994.93","5316253052992.07","5374625542917.2","5524934864787.97","5652949069716.62","5982131017228.03","6174502146441.26","6349354203966.91","6465529271844.49","6345291340793.87","6606395298274.6","6904766811425.44","7098909637377.83","7263051515148.55",
"Montenegro","MNE","GDP, PPP (constant 2021 international $)","NY.GDP.MKTP.PP.KD","","","","","","","","","","","","","","","","","","","","","","","","","","","","","","","","","","","","","","8910500863.06921","9347115926.29702","8468487204.54429","8731010312.90531","8827037344.04579","8995098550.50377","9218416194.80614","9626427970.93398","10028870852.7285","10887985853.6262","11629474035.8762","12469442173.253","11746825904.606","12068023016.5038","12457633228.7476","12118313364.5398","12548389871.5751","12772215323.6612","13205242135.9948","13594701743.6488","14235891130.7257","14958773853.6471","15566540606.7494","13183786774.4277","14903409289.4305","15858223080.696","16863269295.1552","17375965935.5108",
"Mongolia","MNG","GDP, PPP (constant 2021 international $)","NY.GDP.MKTP.PP.KD","","","","","","","","","","","","","","","","","","","","","","","","","","","","","","","13930857674.5003","12719772331.1187","11542370967.6836","11176617291.7578","11415169077.0896","12143048987.2567","12414457527.5703","12898213380.3997","13329005529.755","13738255184.9967","13895704125.9689","14306004046.7735","14983104137.6382","16032615830.299","17736146348.2644","19022667065.9545","20650291128.5059","22766536341.5375","24792841843.2819","24478320115.4333","26036404766.9935","30538301606.8939","34300565349.9306","38296209459.5173","41315951926.4775","42299203744.5578","42929370719.9824","45349246281.1623","48861491267.8209","51598831338.4922","49247084583.6546","50053145881.8599","52572175378.1041","56474141515.8419","59221044568.7614",
"Northern Mariana Islands","MNP","GDP, PPP (constant 2021 international $)","NY.GDP.MKTP.PP.KD","","","","","","","","","","","","","","","","","","","","","","","","","","","","","","","","","","","","","","","","","","","","","","","","","","","","","","","","","","","","","","","","","",
"Mozambique","MOZ","GDP, PPP (constant 2021 international $)","NY.GDP.MKTP.PP.KD","","","","","","","","","","","","","","","","","","","","","","","","","","","","","","","7170866773.5068","7524064320.90283","6953992508.53513","7714789540.90357","8211636159.03737","8385960474.42256","9282915341.56564","10379686771.2693","11455980625.0943","12809732312.1266","12907884958.8431","14566765289.3609","15975153770.2032","17128192582.1715","18533510246.4443","19703349820.5116","21656085291.2839","23312635904.3205","24916085861.7049","26393353584.6986","28156358172.2946","30165049214.0964","32576595027.0564","34717337919.7215","37391464636.448","40155850652.3135","42041967039.1484","43151121313.3742","44654908558.8374","45689926257.9767","45132727326.9761","46205728911.2947","48222355190.685","50844136708.1592","51785655733.2678",
"Mauritania","MRT","GDP, PPP (constant 2021 international $)","NY.GDP.MKTP.PP.KD","","","","","","","","","","","","","","","","","","","","","","","","","","","","","","","10773605994.0355","10966247470.5938","11171768736.7681","11827957925.8385","11465935812.8502","12591867823.1682","13324566781.3321","12785628488.8538","13140788290.3911","13623472876.0846","13089701686.8472","12985050329.4907","13164436717.0493","14076504380.9269","14742711250.5554","16005614255.0498","18939955318.5008","18566947529.6403","18505476223.9444","18523588628.0001","19008949158.1785","19802151410.0038","20687310190.2723","21546001790.2847","22467055292.4798","23674960402.4649","23973480163.5376","25476748185.7312","26692542851.2921","27530956928.3359","27431664499.2464","27635403694.625","29513507139.621","31434006298.0642","33068574625.5635",
"Mauritius","MUS","GDP, PPP (constant 2021 international $)","NY.GDP.MKTP.PP.KD","","","","","","","","","","","","","","","","","","","","","","","","","","","","","","","9477452905.28988","9897820235.88874","10542435434.123","11078208639.9537","11536419175.7923","12031070439.8287","12703347878.7132","13425847920.755","14241057374.8338","14612881747.9794","15811546006.2431","16340843948.4201","16604735286.3198","17588639824.3827","18350231420.9402","18676414678.7802","19585123966.1056","20706767180.5646","21822232972.2558","22545656797.9489","23532526014.0551","24492073720.1938","25348345607.4235","26200152959.3989","27202824905.9734","28206760638.5407","29296237816.3375","30449918917.4069","31669968172.8073","32585637210.0229","27845555062.1668","28793361692.7371","31296387845.016","32863652679.9147","34406240719.431",
"Malawi","MWI","GDP, PPP (constant 2021 international $)","NY.GDP.MKTP.PP.KD","","","","","","","","","","","","","","","","","","","","","","","","","","","","","","","9998939789.35323","10871870406.7404","10074638504.9353","11051056409.369","9919408151.9958","11578807819.0184","12425992341.3131","12897238047.428","13399618164.2974","13807271818.1136","14024885140.0232","13327152206.711","13553713798.3276","14327039833.6018","15103636676.7608","15597333179.2593","16330407801.8821","17898126930.7494","19265496648.6968","20869948373.2115","22304562368.1155","23404772824.2634","23849463508.095","25139802956.5692","26553984750.6085","27297496323.6345","27979933731.4914","29099131081.0006","30365980584.4615","32101950612.2946","32356710546.2459","33831623933.4187","34143252119.5588","34789398821.5095","35424948953.9157",
"Malaysia","MYS","GDP, PPP (constant 2021 international $)","NY.GDP.MKTP.PP.KD","","","","","","","","","","","","","","","","","","","","","","","","","","","","","","","214242312021.412","234692742103.338","255545469125.778","280831548487.792","306701868103.396","336847856021.014","370541738826.626","397675553808.732","368408958702.071","391020471199.41","425660459259.482","427863998400.631","450930096523.964","477032181941.105","509391362925.102","536552819272.496","566518473663.355","602202259558.637","631299287007.657","621744391014.975","667907963161.822","703266428543.889","741759394361.74","776575522140.495","823222254452.927","865136882439.813","903633582498.53","956159294251.201","1002466920504.23","1046707664542.57","989590433102.722","1022398815013.98","1113001976860.61","1152574619172.82","1211519077200.64",
"North America","NAC","GDP, PPP (constant 2021 international $)","NY.GDP.MKTP.PP.KD","","","","","","","","","","","","","","","","","","","","","","","","","","","","","","","12203292411092.3","12167694797585.4","12567259887902.7","12912054895322.9","13437413506526.2","13798185227432.7","14293291281251.7","14926869268489.4","15588397865272.4","16339498502323.6","17021031570714.1","17197709150983.7","17509592718871.4","17983715165309","18663601965767.3","19309169071947.9","19844555020412.2","20243106668839.2","20281544252198.1","19752719997282.5","20291592612941.1","20636787681945.1","21098860018899.8","21549451662679.2","22099649881611.6","22705151515543.1","23102594027272","23682007057922.2","24379701720071.6","24995135134291.8","24391914263015.7","25866624830798.1","26553270686244.3","27289284565505.2","28023062597269.6",
"Namibia","NAM","GDP, PPP (constant 2021 international $)","NY.GDP.MKTP.PP.KD","","","","","","","","","","","","","","","","","","","","","","","","","","","","","","","9970961728.4058","10785151825.9327","11560533332.3036","11377930181.3111","11574754661.7301","12026055992.0489","12409846439.3888","12933554406.6842","13359273423.7733","13809384540.9044","14291633570.4646","14459981681.5562","15152421216.5895","15794852707.0093","17732809757.8007","18181319093.2527","19467315667.9268","20513497807.0674","21057066941.3334","21119389734.8215","22394842369.4677","23535039520.1135","24726308395.5825","26114621285.0003","27705659590.2928","28887077272.0263","28896839500.9711","28599997269.5411","28903139937.2016","28660598613.1225","26338688299.7304","27287889637.5942","28761087692.552","30038887033.2075","31153793835.1828",
"New Caledonia","NCL","GDP, PPP (constant 2021 international $)","NY.GDP.MKTP.PP.KD","","","","","","","","","","","","","","","","","","","","","","","","","","","","","","","","","","","","","","","","","","","","","","","","","","","","","","","","","","","","","","","","","",
"Niger","NER","GDP, PPP (constant 2021 international $)","NY.GDP.MKTP.PP.KD","","","","","","","","","","","","","","","","","","","","","","","","","","","","","","","11698663466.8017","11647249115.9658","11880281727.695","11918495304.2501","12139557027.3611","12437855578.8911","12450359417.8263","12640535633.8044","13901127580.9933","13870605915.2577","13702982730.2292","14698934000.6781","15421896744.4792","15756646036.5848","15813968963.6196","16973428426.8393","17980130949.052","18545196854.6987","19979002842.8915","20371110933.8849","22118578797.1182","22640081122.8604","25028370732.5504","26358661332.5341","28109439638.6581","29344188610.6478","31028807124.6903","32581910868.9213","34931528663.0687","37006409966.5338","38320374766.3561","38850574077.5224","43473792392.7583","44198776163.979","47921019367.1329",
"Nigeria","NGA","GDP, PPP (constant 2021 international $)","NY.GDP.MKTP.PP.KD","","","","","","","","","","","","","","","","","","","","","","","","","","","","","","","354556738794.545","355827302092.377","372306351007.095","364729474560.987","358109910022.232","357849690301.476","372864791507.523","383816201133.474","393723472569.102","396023317256.112","415887588481.34","440498504462.844","508023206248.535","545348661694.273","595796457196.355","634156910550.59","672583192155.543","716914027134.587","765409481340.348","826924868071.553","893125627695.567","940532059050.279","980317140517.95","1045717384877.57","1111699209792.44","1141189180195.95","1122737646691.27","1131785639153.58","1153547130626.18","1179022403184.64","1157867757369.25","1200097354375.41","1239120696928.78","1274562212859.96","1318234315608.32",
"Nicaragua","NIC","GDP, PPP (constant 2021 international $)","NY.GDP.MKTP.PP.KD","","","","","","","","","","","","","","","","","","","","","","","","","","","","","","","17556045822.7152","17522815476.9075","17590514274.9447","17521394803.5651","18106210973.2549","19176633496.798","20393250588.3473","21202179651.9795","21989137024.079","23536286210.2721","24501648230.8576","25227103687.584","25417300629.5936","26058002887.7155","27442248448.1182","28617434839.4897","29805901340.0491","31318953814.2372","32394984414.6363","31328326049.6753","32709936280.2147","34776120093.7081","37035224314.3447","38859984679.2257","40719613754.8668","42671006645.6169","44618147573.8932","46684506604.5179","45114340142.5133","43807436417.0985","42827664806.4955","47305035692.4433","48984506117.3588","51153414573.2492","52988712244.5939",
"Netherlands","NLD","GDP, PPP (constant 2021 international $)","NY.GDP.MKTP.PP.KD","","","","","","","","","","","","","","","","","","","","","","","","","","","","","","","644833397706.538","660561752097.233","671831403721.97","680280034675.615","700423755699.663","722249211308.148","746954304154.858","778688504962.214","814880269569.514","855977300298.198","892097434751.033","912825994038.329","915069589424.478","915964823638.136","934433513627.1","953439548936.444","987166282103.639","1025520717314.87","1047229103290.3","1008845114543.69","1022155013167.68","1040281349648.93","1030108678867.19","1029797250642.23","1046403864219.07","1068593959380.7","1094499730244.85","1124943745824.96","1150353304391.89","1176812483876.89","1131293926122.04","1202303330254.13","1262505478021.61","1263446812646.69","1275824484216.88",
"Norway","NOR","GDP, PPP (constant 2021 international $)","NY.GDP.MKTP.PP.KD","","","","","","","","","","","","","","","","","","","","","","","","","","","","","","","242217306378.305","249688350523.337","258613358125.059","265971380620.401","279416962664.042","291028534131.191","305661195853.413","321814187613.047","330402399746.108","337248493316.403","348441587688.445","355644329797.36","360543533234.87","363950342838.991","378561449715.442","388726289905.159","398294683027.366","409901149434.675","411876543208.483","403884636049.536","407063417595.852","411564138834.015","422750284410.805","427046234078.948","435792704672.659","443886855657.016","449056913459.868","460120536396.29","463934620462.826","469148071608.821","463151553387.038","481254696871.483","496877324492.726","497235674807.157","507679877839.884",
"Nepal","NPL","GDP, PPP (constant 2021 international $)","NY.GDP.MKTP.PP.KD","","","","","","","","","","","","","","","","","","","","","","","","","","","","","","","35305600051.5204","37553913761.5046","39096030161.2684","40601168688.7126","43936961801.5529","45460894184.9277","47883179815.6363","50300616038.8364","51817878527.0902","54104380389.4539","57458851963.8193","60216814884.4324","60289161279.1453","62667591457.103","65602066132.3285","67884480784.4944","70168532058.6778","72562373827.3123","76992044903.5975","80482154910.7944","84358509208.0955","87245096016.3483","91319565822.4515","94538720393.0513","100221899349.003","104206775456.958","104658109297.987","114053560138.83","122747151452.59","130918497364.891","127816225643.885","134000165871.651","141546136718.578","144352357438.712","149643411660.469",
"Nauru","NRU","GDP, PPP (constant 2021 international $)","NY.GDP.MKTP.PP.KD","","","","","","","","","","","","","","","","","","","","","","","","","","","","","","","293916424.767949","238090603.266377","199376363.502778","167242131.277809","160776333.700579","148037234.86088","130480757.590065","118798016.167807","104794135.203664","97911036.3431466","91198066.2678568","85032083.9602123","76553208.7251061","76771122.6870615","73458581.9372346","73197327.3173721","79293757.6258179","61702195.6680167","74277663.1496265","70079539.543242","69967428.4604705","80038983.2977681","100272294.412328","103929967.422295","120998734.801158","124263301.567021","129685208.316163","121889532.185761","120403550.065428","130621882.206815","133210572.131523","142810518.117187","147025596.759987","147975985.412051","150580735.095933",
"New Zealand","NZL","GDP, PPP (constant 2021 international $)","NY.GDP.MKTP.PP.KD","","","","","","","","","","","","","","","","","","","","","","","","","","","","","","","102209767177.499","101094869961.496","102200680785.584","108732866429.583","114299171970.733","119696471622.428","124019763178.932","126598472488.63","127685201818.259","134551765827.434","138413470246.354","143134744197.042","149881368404.463","156967822526.452","163384611921.85","168862779675.749","173556794450.693","178861412761.982","177042323387.388","176975992512.094","179557428668.08","183316456644.048","187654286141.858","192513672678.129","199879986813.809","207256296052.033","215088740878.452","222356013413.704","230073061277.127","235404938764.159","234681664396.713","245325429880.081","253902955985.903","257443002559.689","257117433912.22",
"OECD members","OED","GDP, PPP (constant 2021 international $)","NY.GDP.MKTP.PP.KD","","","","","","","","","","","","","","","","","","","","","","","","","","","","","","","36646193232569.5","37087399136932","37848999683299.6","38366106704436","39576958993906.1","40632040651193.8","41917863647237.1","43465674428702.3","44761999433837","46228888540983.1","48150069759355.6","48821890086915.6","49586837505954.2","50594301659731.8","52277607705983.5","53776469146518.5","55510928203205.4","57024962729198","57290123435982.9","55297521757199.1","56975596238972.5","58164578864291.1","58923244210768.7","59867119509834","61191389889470.5","62765545140337.6","63946631146119.4","65653405362203.6","67203611498254.5","68426339515747.8","65642812829962.8","69661075527112.3","71885963690117.7","73179038233363.7","74471520794704.6",
"Oman","OMN","GDP, PPP (constant 2021 international $)","NY.GDP.MKTP.PP.KD","","","","","","","","","","","","","","","","","","","","","","","","","","","","","","","62093919315.8457","65865552351.3256","71407403692.9615","75722525016.8907","78657359079.7766","82587725352.4325","85103297839.5262","90238015958.6281","90176767724.1357","90445129903.4862","96045863748.2369","100476619353.446","99688716081.1158","97500882042.6817","99443601849.5056","102207580679.766","106980485428.893","112308813972.947","122360519029.637","129680084836.669","132885774673.996","136732299244.687","148851050089.595","156632542510.424","158656630134.339","166616525284.567","175024701514.049","175556877361.236","177816476803.564","175809572445.37","169867700237.038","174253981507.44","188169394400.543","190403218944.289","193590714735.558",
"Other small states","OSS","GDP, PPP (constant 2021 international $)","NY.GDP.MKTP.PP.KD","","","","","","","","","","","","","","","","","","","","","","","","","","","","","","","128272749360.002","127871367372.102","123551323005.054","123959309941.511","127148885233.466","132664654162.195","136830157280.369","145918111147.448","149663126960.822","152527414773.948","163887706766.025","169009515894.424","175255808450.389","182998545623.922","190398162953.389","198333762253.128","210788321348.591","221305238320.07","223150383931.301","213339192615.038","219791241389.54","228148305552.461","231663426837.14","234017870893.339","238922572204.331","246706537345.903","255965657159.53","268292109593.193","279207902972.047","292041907057.249","275683463612.324","295673935586.993","306828611529.167","313958344158.311","323356685338.061",
"Pakistan","PAK","GDP, PPP (constant 2021 international $)","NY.GDP.MKTP.PP.KD","","","","","","","","","","","","","","","","","","","","","","","","","","","","","","","371666437763.716","390478586348.509","420568467210.417","427960999760.678","443955680746.525","465987465964.472","488571927288.817","493527981429.021","506114101282.509","524638549202.434","546988613138.786","566961082799.092","581672683569.946","613090633473.714","661103327854.397","709209003607.717","752127762869.498","785558445527.773","802215749225.919","830073097004.25","842538450143.46","865119465149.014","891311682885.811","930234061250.392","968526478209.654","1009378364242.3","1075733265592.48","1123416497011.63","1192525738990.65","1222310702240.68","1206737395064.25","1285342890384.16","1346757947320.27","1346221412803.21","1389768773486.19",
"Panama","PAN","GDP, PPP (constant 2021 international $)","NY.GDP.MKTP.PP.KD","","","","","","","","","","","","","","","","","","","","","","","","","","","","","","","27836330176.8021","30458235723.4795","32956322800.1714","34754335521.5368","35744885207.7474","36371020781.5932","34274225646.7734","36916439412.2217","40012795477.3498","42098120670.739","43870032876.1806","44286757893.8727","45397843441.2562","47711708102.9115","51612451959.8343","55883993112.8985","61392611712.2845","69467622068.2431","76551536001.0809","77785442697.077","82509658741.9483","92335632700.2548","101225055032.51","107626885734.7","112605505019.799","118536343727.279","123955786339.583","131075880415.449","136211693037.233","140438434341.262","115410577991.74","134415382039.559","148891469563.936","159908398388.522","164484443672.141",
"Peru","PER","GDP, PPP (constant 2021 international $)","NY.GDP.MKTP.PP.KD","","","","","","","","","","","","","","","","","","","","","","","","","","","","","","","139069049051.299","142155351581.534","141386988934.953","148800724578.672","167115662645.517","179501264590.175","184525456662.745","196476846502.465","195707565859.889","198633219091.258","203985135733.517","205245544232.629","216438669381.696","225453390038.125","236631827251.296","251504280342.416","270439783700.885","293476893158.43","320261262261.549","323770760944.8","350748827202.554","372941380346.054","395838954412.583","419005501305.214","428986871742.827","442938574852.441","460449348428.956","472047309811.169","490784526035.036","501781200041.488","446919923476.365","506640152835.223","520871844722.863","518771469889.674","535911373084.806",
"Philippines","PHL","GDP, PPP (constant 2021 international $)","NY.GDP.MKTP.PP.KD","","","","","","","","","","","","","","","","","","","","","","","","","","","","","","","283126473617.181","281890937770.952","283068196261.779","289244432888.471","301895018069.978","315858342273.919","334368739912.76","351710479274.008","349902368762.457","361611680724.691","377459330716.051","388968938941.494","403424016589.514","423945837811.198","451795808663.307","474125839632.91","499332345525.613","531885276934.827","554992965268.913","563031056381.58","604326568988.619","627642895061.402","670931122448.233","716222537880.086","761688254932.336","810042584431.379","867956228661.943","928114173543.905","986970399946.561","1047358437145.74","947667774109.205","1001824458376.1","1077772591518.08","1137254318494.01","1201987017721.73",
"Palau","PLW","GDP, PPP (constant 2021 international $)","NY.GDP.MKTP.PP.KD","","","","","","","","","","","","","","","","","","","","","","","","","","","","","","","272252342.990156","285606932.772148","267327975.937628","234446530.416162","251561199.188295","278981341.249799","307995521.679439","315079391.61294","321380933.117506","304026335.664035","296109786.414712","315358211.173011","331177045.618955","320502291.854091","333126953.814746","344499792.757121","344073577.985801","350108735.258293","330873843.062814","306850496.183949","304101435.291934","319666198.918819","323672934.748172","313845490.096771","328815918.194429","355778757.164623","354213368.81687","342665947.622628","343042908.741884","343729046.251319","323107249.239327","278538180.29621","274865857.25797","280025177.311595","",
"Papua New Guinea","PNG","GDP, PPP (constant 2021 international $)","NY.GDP.MKTP.PP.KD","","","","","","","","","","","","","","","","","","","","","","","","","","","","","","","12329045966.7161","13506087373.8266","15376556930.7264","18175441792.9416","19255446366.3564","18617619568.4384","20057449630.6837","19274328641.9669","18547857373.4737","18892022881.7849","18420696761.6785","18398354555.441","18369119471.9739","18766646046.1029","19277319465.7054","20500426045.2478","21609487632.7275","23298309982.5612","23229240314.6603","24808926563.4075","27321687296.1442","27624286902.3619","28910782981.1853","30016604913.2221","34081985031.0772","36324019448.3876","38318053068.0375","39672447116.8375","39561660901.7642","41334226882.3746","40024993334.8187","39820324163.1154","42093102630.6742","43697222882.2109","45486636832.3191",
"Poland","POL","GDP, PPP (constant 2021 international $)","NY.GDP.MKTP.PP.KD","","","","","","","","","","","","","","","","","","","","","","","","","","","","","","","488636005387.022","454355361418.073","465782301587.04","483194689317.762","508769227819.8","549112895547.922","582575162595.757","619620571605.359","648257026192.884","678719821780.329","710323273628.646","719086848972.15","732758087729.869","758575874955.994","797193421189.976","823188485604.069","874243517193.018","933346294279.01","974262055589.444","999740261175.103","1031421305065.9","1085627265652.71","1102039579729.35","1109580182039.64","1153081368765.59","1204183248380.19","1240684182182.6","1304609910272.79","1386093998885.26","1449583454736.59","1420076185854.11","1518447457166.84","1598248809948.92","1602238212133.11","1649077853050.51",
"Pre-demographic dividend","PRE","GDP, PPP (constant 2021 international $)","NY.GDP.MKTP.PP.KD","","","","","","","","","","","","","","","","","","","","","","","","","","","","","","","1324764001605.03","1207363070201.3","1234321698151.28","1230671435901.98","1232852784903.47","1274674090622.19","1347662554773.6","1436203682802","1541719106540.28","1612073111564.5","1703006392912.83","1773496863734.69","1868271548900.19","1846601607661.07","2070182779275.02","2195353022174.63","2332579665312.5","2473682742976.42","2630349202193.05","2752235235961.4","2932295663812.75","3061058453356.05","3223223442984.91","3406016452089.63","3581984516616.84","3695768971127.98","3806808801132.55","3875586091453.6","3981202017827.42","4117545837964.2","4006120744635.83","4122994541641.12","4300286297407.07","4393481144672.63","4530749196244.98",
"Puerto Rico (US)","PRI","GDP, PPP (constant 2021 international $)","NY.GDP.MKTP.PP.KD","","","","","","","","","","","","","","","","","","","","","","","","","","","","","","","94575186676.1451","96754568943.6617","101170497603.063","105869388737.717","110301037504.239","115318618493.561","117986754052.325","123744610544.668","130588585443.77","137626918304.451","142130022240.11","151103360796.539","152488161785.671","152569620659.339","165917443819.627","162620765888.912","160328765955.119","158464452393.527","155542155203.067","152505310993.439","151875076513.802","151330588209.776","151374890466.613","150910431935.607","149114049276.191","147549410420.248","145684836860.538","141481511164.76","135310898292.068","137577983403.616","131826020840.194","132333844622.722","136247082992.149","136925731419.002","141343921419.211",
"Korea, Dem. People's Rep.","PRK","GDP, PPP (constant 2021 international $)","NY.GDP.MKTP.PP.KD","","","","","","","","","","","","","","","","","","","","","","","","","","","","","","","","","","","","","","","","","","","","","","","","","","","","","","","","","","","","","","","","","",
"Portugal","PRT","GDP, PPP (constant 2021 international $)","NY.GDP.MKTP.PP.KD","","","","","","","","","","","","","","","","","","","","","","","","","","","","","","","271449405528.953","283306877088.161","286393438157.233","280541627952.628","283248400966.455","295379307240.732","305730126300.642","319184904486.816","334531197110.329","347599918504.366","360864947064.717","367878978446.506","370715048641.799","367265467114.536","373834874977.432","376757693845.221","382880139446.373","392477334015.012","393730307475.337","381437739140.716","388065694854.316","381416082646.176","365965288423.196","362363799979.299","365050334090.097","370853897105.612","378286333169.97","390825468047.144","402340290183.554","413387286357.867","379470380726.162","400564219793.068","428547002419.909","439745486462.501","448225732177.239",
"Paraguay","PRY","GDP, PPP (constant 2021 international $)","NY.GDP.MKTP.PP.KD","","","","","","","","","","","","","","","","","","","","","","","","","","","","","","","40206049896.2325","41610708620.7173","42316604337.4375","44405504019.6523","46766952160.0317","49957772590.6794","50744000587.865","52896822983.9587","52932812795.2107","52209708378.4122","51001502336.2935","50576121900.4462","50565296387.5397","52750094148.4421","54890386155.2572","56061467419.6403","58756407858.4406","61941958705.7666","65965889287.9627","65793627727.2318","73093582883.5383","76226645174.4397","75686927663.5318","81963702467.1489","86308793894.073","88861075890.0578","92653689564.6568","97110405095.2844","100222065581.47","99819318098.9236","99001013911.7809","102977624582.579","103158904710.367","108316053467.641","112919442526.937",
"West Bank and Gaza","PSE","GDP, PPP (constant 2021 international $)","NY.GDP.MKTP.PP.KD","","","","","","","","","","","","","","","","","","","","","","","","","","","","","","","","","","","9386367656.98158","10054476156.2032","10176591543.0054","11669257281.6831","13341941143.7622","14446732781.5029","13210732057.9429","11980670076.5981","10484478209.7301","11953945736.6292","14574786910.5204","16220375261.2422","16058730121.5694","16667080027.2496","17905307779.1404","19443998769.9867","20567348977.1502","22541980763.7387","23916242829.4988","25039964208.0507","25000434455.1801","25930775540.3463","28229439949.0572","28630119462.896","28981433182.0701","29376359539.3877","26051406241.5946","27878126229.8832","29016323292.585","27694396392.5972","20339449744.6379",
"Pacific island small states","PSS","GDP, PPP (constant 2021 international $)","NY.GDP.MKTP.PP.KD","","","","","","","","","","","","","","","","","","","","","","","","","","","","","","","9894545025.49235","9772057007.24023","10269465127.9935","10469249783.9932","10964423237.5279","11388855037.7707","11787411376.4752","11604444952.3182","11766382207.5912","12414445017.6634","12229733242.5008","12386692920.0963","12689767946.397","12894029893.2843","13449743460.3866","13709398457.5558","14004910322.5637","13978373099.7282","14217878363.4554","14095388910.8742","14593792805.4115","15110567823.6027","15275044290.3047","15829495722.3604","16480781898.8201","17166104027.4832","17747041126.0364","18502228503.6929","19060599619.3163","19187688476.8863","16882232727.551","16326860655.64","18276579431.633","19343182321.1309","20125090328.359",
"Post-demographic dividend","PST","GDP, PPP (constant 2021 international $)","NY.GDP.MKTP.PP.KD","","","","","","","","","","","","","","","","","","","","","","","","","","","","","","","35132774285175","35419505235540.4","35945582891817.4","36183627264309.8","37119383223587.7","38050608788728.8","39088372202426.7","40373508560855.2","41455166513321.5","42879850019592.2","44635258066683.6","45384881667259.6","46107024402667.2","47058845215995.8","48614946520950.7","49959811762385.1","51499625120025.2","52891163007376.2","53118367950428","51187620197971.6","52684410155955.1","53602711127060","54155627339538.4","54907502584908.7","55903819983188.9","57049153371113.2","58079617944329.2","59520896791475.8","60852809127991.2","61967099489604.2","59319859682349.5","62701912461765.5","64238080931954.3","65412893106816.7","66567274106941",
"French Polynesia","PYF","GDP, PPP (constant 2021 international $)","NY.GDP.MKTP.PP.KD","","","","","","","","","","","","","","","","","","","","","","","","","","","","","","","","","","","","","","","","","","","","","","","","","","","","","","","","","","","","","","","","","",
"Qatar","QAT","GDP, PPP (constant 2021 international $)","NY.GDP.MKTP.PP.KD","","","","","","","","","","","","","","","","","","","","","","","","","","","","","","","31509683796.0653","30985919584.5603","34496787789.7804","34039658398.6185","34522581897.9586","35350860186.3747","36897075196.7564","47970640099.5955","53352299487.5045","55637946354.4382","60104630486.6438","62447621175.7223","66932704049.2488","69422572980.9778","82764838508.8953","88966207967.0386","112248883155.565","132437582059.748","155830769012.148","174462770166.734","208644094500.827","236550610211.014","247739482090.122","261503988403.97","275453456566.82","288546711667.216","297388336588.542","292934634875.764","296552003251.613","298592995589.656","287970239265.658","292655073655.389","304902716904.173","308522399742.779","317063578086.958",
"Romania","ROU","GDP, PPP (constant 2021 international $)","NY.GDP.MKTP.PP.KD","","","","","","","","","","","","","","","","","","","","","","","","","","","","","","","378561852023.543","329658434236.428","300756526194.703","305354595718.066","317360963543.979","337143695651.317","350318266886.388","333331114342.497","326565116364.802","325335073892.74","333342274310.24","350736689238.617","370739173340.917","379418723595.869","418984936904.269","438543774069.716","473753625175.297","508024051598.946","555308223421.151","524673500461.407","504180742159.765","526846636645.892","536875778616.4","538372437304.131","560531852706.248","578228045392.499","594764977319.907","643508811772.394","682897535730.799","709689407880.173","683612690923.977","721523865728.457","750134506867.407","768169779121.521","774420278315.25",
"Russian Federation","RUS","GDP, PPP (constant 2021 international $)","NY.GDP.MKTP.PP.KD","","","","","","","","","","","","","","","","","","","","","","","","","","","","","","","4386345138351.78","4164968955088.66","3559754243605.25","3251175510900.76","2842510682692.02","2724730445132.13","2622414924909.29","2659126525923.55","2518193840446.22","2679356097999.9","2947293497975.54","3097606976144.77","3243194253400.62","3479945888363.78","3730500178214.47","3969250900657.58","4294732183706.36","4659783464566.58","4902090772495.31","4519727990645.02","4723115750188.2","4926211105919.62","5124446085120.64","5214401746699.24","5252793677571.37","5149170806802.09","5159144239407.11","5253339382318.58","5400813511031.75","5519527481141.07","5373058291702.31","5688268314339.54","5606591485618.39","5835481974159.47","6088997179872.49",
"Rwanda","RWA","GDP, PPP (constant 2021 international $)","NY.GDP.MKTP.PP.KD","","","","","","","","","","","","","","","","","","","","","","","","","","","","","","","8282405773.91017","8074154648.2887","8548327566.35503","7855170023.02105","3908098918.72809","5284690742.25293","5958261346.35685","6783465795.28331","7384390610.32104","7705751042.74777","8350791443.58377","9059319382.6159","10254431465.5331","10480273783.4947","11260809714.3904","12316837094.8351","13453320985.7953","14480253093.2675","16096429954.2543","17102176347.102","18356562227.6466","19817448801.3994","21529975256.3518","22546157485.5633","23936616478.515","26056648034.9334","27612424110.9117","28694326087.2291","31138068964.1478","34079802278.7139","32930056261.5839","36505744034.3984","39485053448.1339","42742532065.0576","46542623255.6292",
"South Asia","SAS","GDP, PPP (constant 2021 international $)","NY.GDP.MKTP.PP.KD","","","","","","","","","","","","","","","","","","","","","","","","","","","","","","","2250638071187.94","2284530967640.36","2408328365753.1","2524001958025.66","2684462223328.97","2877479199204.76","3081302546345.42","3210430945203.88","3402655026796.58","3682301961775.24","3832561315287.65","4010193156197.17","4161183497389.56","4471274143820.54","4808771893384.8","5177439782518.08","5585060551735.68","6005910843321.76","6214492407092.92","6675611871241.69","7221716207333.18","7613856497651.78","8042593026923.15","8544947244766.84","9163945040257.42","9870527057768.61","10658482020343.6","11381747715346.5","12113012079563.1","12614716666057.8","11994670241540.6","13103387829233.9","14044379623965.4","15244494317897.1","16192534157864.1",
"Saudi Arabia","SAU","GDP, PPP (constant 2021 international $)","NY.GDP.MKTP.PP.KD","","","","","","","","","","","","","","","","","","","","","","","","","","","","","","","693736591659.813","750767086436.035","785156588923.178","788138895733.899","795649591230.904","798129694885.491","824505347577.152","846332637593.365","870062212291.907","864551293567.2","905341984010.379","908461730889.399","902207969996.242","981320185364.938","1066017984132.12","1129391647181.57","1166813867023.52","1192643088440.18","1267040015652.55","1253524282984.6","1316695828286.55","1471524205294.82","1556306180159.2","1602150289860.98","1666631082595.55","1744214812221.99","1773937534812.21","1794906894436.69","1852827658444.24","1883428285415.36","1811768270289.69","1929888259783.05","2161486188573.72","2173214249211.45","2212504988182.61",
"Sudan","SDN","GDP, PPP (constant 2021 international $)","NY.GDP.MKTP.PP.KD","","","","","","","","","","","","","","","","","","","","","","","","","","","","","","","65832468679.7624","70777086386.0803","75432705020.8956","78879036120.1912","79672740052.0811","84450787779.4826","89449534427.2469","105830121020.512","110389816288.017","113816421735.368","121039060983.618","128907036334.483","136649800780.219","145243444604.311","152710248170.58","161328474716.694","171865501665.239","181722459503.926","188712858640.32","183489844612.545","190569326775.598","184445320301.139","153080968306.52","156073922642.547","163349120543.47","166469377694.971","172241940059.519","173463576844.394","168813138819.997","165135964859.046","159141858245.694","156168260027.791","154672454523.183","109147290533.351","94419727846.8877",
"Senegal","SEN","GDP, PPP (constant 2021 international $)","NY.GDP.MKTP.PP.KD","","","","","","","","","","","","","","","","","","","","","","","","","","","","","","","22569745551.636","23170092355.1783","23475991569.0652","23795315059.7957","23784007300.3422","25084655922.241","25591360254.7113","26370770987.462","27926245460.0734","29680937545.068","30834698201.8069","32163936241.3328","32186031763.8327","33986502591.7025","35564595805.8847","37097514716.067","37962172824.5955","39035408701.7631","40480955880.7791","41595034082.963","43005475623.6144","43579207837.654","45323681588.5148","46417063409.7225","49306095988.2355","52445436642.2476","55778904558.0186","59910719208.024","63630720168.7878","66566404953.1348","67459775215.4187","71874343647.3324","74641816329.8955","77819640032.4886","83182975384.4486",
"Singapore","SGP","GDP, PPP (constant 2021 international $)","NY.GDP.MKTP.PP.KD","","","","","","","","","","","","","","","","","","","","","","","","","","","","","","","138851072264.06","148137983965.055","157974058074.906","176077333603.748","195614327485.792","209650440132.87","225314243954.949","244051847639.663","238704635035.182","252354653467.943","275163265310.625","272216644397.966","282896685425.575","295763549271.64","325162394855.859","349114905160.14","380558868013.851","414891060548.988","422622486817.018","423163246585.281","484605490857.98","514723403092.175","537553947250.979","563451312808.197","585626166165.556","603059081876.328","625659194298.221","653669325502.578","676233833515.183","685079250541.009","658945471706.12","723237492898.215","752948090690.158","766662339477.273","800303664054.59",
"Solomon Islands","SLB","GDP, PPP (constant 2021 international $)","NY.GDP.MKTP.PP.KD","","","","","","","","","","","","","","","","","","","","","","","","","","","","","","","779674239.442628","826454705.943572","931414439.120903","968671012.353319","1047133376.23199","1152774635.17241","1171333242.03427","1160626352.07152","1175615983.57797","1169905655.50245","1002878229.84918","923083159.4358","897236988.960512","955767946.506236","1029202464.81522","1104929555.35263","1150654637.67236","1192534697.27826","1266781544.3296","1303065561.48817","1429572224.29774","1535788720.29825","1573661291.44187","1656085581.16626","1675780040.23093","1703868562.96662","1798513887.32601","1853824448.80554","1904730383.32651","1938035861.76311","1872508009.87972","1920525664.42788","1966665936.9937","2018907701.00211","2070174670.51968",
"Sierra Leone","SLE","GDP, PPP (constant 2021 international $)","NY.GDP.MKTP.PP.KD","","","","","","","","","","","","","","","","","","","","","","","","","","","","","","","11356748561.0036","11623854902.7268","9413821860.74204","9543219543.98991","9357376293.86502","8608809357.89237","8759792402.22891","8244972329.43865","8392146127.80888","8226041498.02551","8773297814.98173","8216592097.16684","10395972079.6649","11381887755.3842","12119302729.1389","12646916560.5978","13188597971.7277","13683138485.5271","14187507138.8445","14404689957.7425","15320203933.743","16561240828.3835","18313143810.7822","20998459387.0945","19357426610.0659","18512797700.2148","19704547301.657","20336641765.5683","20925154977.3615","22076605441.779","21799908521.115","23085417016.3665","24312073257.445","25700297964.3468","26728309889.526",
"El Salvador","SLV","GDP, PPP (constant 2021 international $)","NY.GDP.MKTP.PP.KD","","","","","","","","","","","","","","","","","","","","","","","","","","","","","","","32268857747.3601","32750982739.271","35050744732.7709","37090107666.4687","38830398412.671","40668661082.3633","40998671772.0135","42285197819.9467","43406718523.0549","44345186421.7477","44845358873.2488","45239824775.7213","45951410325.2796","46670730500.3765","47085822070.9522","48348112958.8643","50444969942.3996","51376992319.8102","52483859774.8353","51377096737.2549","52483859774.8353","54464382833.8519","56037150872.4371","57260415160.2687","58250676689.777","59648692981.8958","61163210524.2658","62537926514.7702","64046619110.6471","65607737256.2459","60429252054.6952","67623210509.8633","69621216142.9849","72085220073.7693","73960892033.3419",
"San Marino","SMR","GDP, PPP (constant 2021 international $)","NY.GDP.MKTP.PP.KD","","","","","","","","","","","","","","","","","","","","","","","","","","","","","","","","","","","","","","1726614182.83456","1855516616.91652","2023428998.15485","2067527199.28815","2182860956.09831","2189645294.73421","2274449527.68286","2377910691.88021","2435577570.2853","2528862226.52882","2708647200.37996","2695078523.10817","2416920639.03659","2284626035.6367","2094664553.83172","1947105188.50106","1931840426.5703","1918271749.29852","1962229053.1144","2008231666.03311","2013418234.91034","2043496796.99874","2085709006.82046","1947052932.12809","2217650250.23726","2392810056.98825","","",
"Somalia, Fed. Rep.","SOM","GDP, PPP (constant 2021 international $)","NY.GDP.MKTP.PP.KD","","","","","","","","","","","","","","","","","","","","","","","","","","","","","","","","5702889586.59532","5218809870.7006","5427071510.50905","4458502628.49742","4636423474.72544","5009470805.28496","5068607199.68908","5402450670.94235","5797817975.49956","6210061056.75868","6651615916.82415","7159151990.59671","7705414423.42024","8253293607.91618","8840128724.46886","9413532246.78582","10043707224.0163","10716068331.9787","11433439658.7112","12198834346.6622","13015467248.6529","13886768431.0315","15408660851.5666","16792051332.8145","18548867333.051","19853756518.7522","22779365499.1762","23247325438.0671","23903902757.5248","23245952366.4754","24049850383.6657","24705717291.6023","25747405283.1381","26770174820.8903",
"Serbia","SRB","GDP, PPP (constant 2021 international $)","NY.GDP.MKTP.PP.KD","","","","","","","","","","","","","","","","","","","","","","","","","","","","","","","","","","","","72047178243.1953","76488859341.8577","83321771775.7494","87773355878.736","78710311683.2762","83476293672.257","89134750174.0079","94965097142.8572","99295210717.4897","105934950103.877","112188817746.974","116564926410.224","125694374981.032","132181326895.398","128027382683.616","130089868817.817","130160471814.011","129582616551.37","130167784128.184","127819205526.391","129475408197.998","133327557684.043","136478612898.585","142823981771.762","149608417892.666","148187102028.856","159966578501.841","164175277497.296","170491873898.072","177103570583.931",
"Sub-Saharan Africa (excluding high income)","SSA","GDP, PPP (constant 2021 international $)","NY.GDP.MKTP.PP.KD","","","","","","","","","","","","","","","","","","","","","","","","","","","","","","","1707823740980.84","1718995295007.37","1713359393371.5","1691370842451.49","1706733173929.88","1766359700488.86","1855031032605.94","1933993900185.65","1988356668293.87","2033113952558.44","2101160686737.22","2188707561543.45","2323990125373.89","2423145171219.28","2580570429330.07","2735459998274.08","2899749705453.35","3074523551565.05","3232608243288.89","3324463615899.26","3516723786666.29","3670130782626.34","3809764557933.8","3992915404131.92","4179695910948.06","4298349411276.6","4354622907360.29","4460917451637.06","4583239922534.23","4700396797636.34","4593382494901.05","4790238780142.59","4969830938427.98","5084813166929.37","5255637345867.39",
"South Sudan","SSD","GDP, PPP (constant 2021 international $)","NY.GDP.MKTP.PP.KD","","","","","","","","","","","","","","","","","","","","","","","","","","","","","","","","","","","","","","","","","","","","","","","","","","","","","","","","","","","","","","","","","",
"Sub-Saharan Africa","SSF","GDP, PPP (constant 2021 international $)","NY.GDP.MKTP.PP.KD","","","","","","","","","","","","","","","","","","","","","","","","","","","","","","","1750369711989.2","1758562214340.24","1749628501918.26","1732411040889.54","1749021988586.42","1811182679212.38","1905432473603.86","1986093852264.76","2038710494081.44","2086032180124.1","2157279899087.32","2249333017840.91","2385498315704.13","2483217004943.13","2648588949228.47","2811519506020.85","2984065859720.62","3168499308756","3336506803785.04","3437348162878.49","3643692115210.36","3811331040995.98","3963109680487.48","4162346905926.22","4366434468051.49","4504554733135.1","4580453517305.27","4708365364658.01","4847551410475.49","4986803981857.6","4896660376100.04","5110493011427.91","5307372537790.99","5444530259274.65","5641600965418.32",
"Small states","SST","GDP, PPP (constant 2021 international $)","NY.GDP.MKTP.PP.KD","","","","","","","","","","","","","","","","","","","","","","","","","","","","","","","185384031903.123","185471344433.907","183762725297.917","184471090822.464","189952582489.591","197371177303.954","204653946286.647","216292949446.24","223117294667.326","229752373711.158","243886659073.948","250867820283.697","260482178982.911","273845788476.937","286100227470.751","297951028683.709","318049456860.139","332510889879.323","336813165802.008","324025628187.987","333234921065.729","343233638404.85","351569964714.243","356679345927.881","365052724024.938","373160920579.12","379160288750.937","391009913010.279","403883449095.979","418047995619.958","391458141356.685","416574245785.6","446122190877.186","466688495550.965","497694888089.677",
"Sao Tome and Principe","STP","GDP, PPP (constant 2021 international $)","NY.GDP.MKTP.PP.KD","","","","","","","","","","","","","","","","","","","","","","","","","","","","","","","477556464.620019","483291939.918397","486674968.938001","492028386.760864","502853019.055278","512910088.019017","520603744.85671","525790628.931897","538935331.051748","552408748.045531","554885573.546583","571889947.383692","591106525.73093","640118238.348323","662765019.548713","706604438.568351","769252760.83048","797264883.584242","846924799.618182","874893641.37586","887566084.071738","905312365.29496","931955190.132987","979668288.954311","1027732877.28136","1043556924.4073","1097580036.89126","1142723280.59177","1192753169.44633","1216778995.98225","1248717734.99679","1272434617.36875","1274581195.38269","1279325859.25215","1290839799.64848",
"Suriname","SUR","GDP, PPP (constant 2021 international $)","NY.GDP.MKTP.PP.KD","","","","","","","","","","","","","","","","","","","","","","","","","","","","","","","7069161061.59114","7260028349.1341","7289068463.15037","6800701010.98782","7031924770.37419","7031924770.37419","7102244104.06534","7507071853.45901","7679734630.03437","7572218309.11467","7731234807.85108","8055946702.3166","8281513265.44721","8803248554.22591","9551524697.603","9981343329.13633","10559616805.2417","11099370327.6172","11559262393.8227","11907623766.9886","12523108019.2929","13255630651.2693","13612253476.9177","14011560990.1665","14047360953.2772","13567918528.4332","12901508432.171","13103550934.2593","13751950156.2068","13912516519.7278","11689965333.3394","11405269573.3629","11679705719.6006","11976319643.0753","12316397542.3839",
"Slovak Republic","SVK","GDP, PPP (constant 2021 international $)","NY.GDP.MKTP.PP.KD","","","","","","","","","","","","","","","","","","","","","","","","","","","","","","","92847006327.3531","79315666837.5688","73984473341.4648","75391161405.6245","80069582935.28","84748444449.7633","89934692277.408","94868365767.0342","98498131648.2898","98031978198.9969","98805670567.1377","101695895283.558","106188060759.75","111345294730.745","117346247797.985","124956072433.618","136109260406.142","150834417014.868","158924235765.379","150174919566.051","160372670009.039","164482098968.969","167063104443.532","168238098592.505","172793904731.298","181739236266.605","185279186578.332","190605469005.691","198348091538.202","202862293968.772","197617264168.125","208880643198.039","209794202552.626","214342853700.052","218761912554.345",
"Slovenia","SVN","GDP, PPP (constant 2021 international $)","NY.GDP.MKTP.PP.KD","","","","","","","","","","","","","","","","","","","","","","","","","","","","","","","50656201416.4403","46147744817.0721","43626371509.0168","44866852182.3589","47257127335.5353","49198052389.5502","50631495577.918","53249821486.9846","54881303340.3022","57772454244.3054","59793288141.2248","61484651790.8904","63502936957.1504","65531875588.2957","68510969163.6058","71151469411.528","75355654130.8711","80735468570.4754","83458061254.8625","77123105224.1511","77980819961.7973","78491935988.6501","76203473908.9332","75575727661.4096","77663759014.1185","79522490584.1492","81935532860.7543","86175206839.467","89948891080.2665","93101827574.596","89298617034.238","96790459870.841","99403065465.369","101503045664.813","103117974142.993",
"Sweden","SWE","GDP, PPP (constant 2021 international $)","NY.GDP.MKTP.PP.KD","","","","","","","","","","","","","","","","","","","","","","","","","","","","","","","344111333918.061","340167904480.578","336226743786.916","329281589137.205","342504401549.805","356527397905.993","362605552884.305","373718945788.263","389586025865.842","405952821676.076","424752967768.553","430532865667.492","440338988456.674","448621518760.083","467371791551.808","480426312284.531","502891040416.479","519108830527.669","514316817073.668","492429685641.56","520748016057.794","537224017198.984","534997407717.641","541084161540.91","553506175806.711","577916576871.186","591496118508.867","602291845511.979","613753245955.42","629401792530.443","616780162220.993","653401537327.892","662936550819.637","662179729622.762","668628249137.444",
"Eswatini","SWZ","GDP, PPP (constant 2021 international $)","NY.GDP.MKTP.PP.KD","","","","","","","","","","","","","","","","","","","","","","","","","","","","","","","4817808165.09746","4902619728.74983","5060788367.04398","5217982239.7948","5343249880.48005","5601096490.69783","5816293629.25139","5996761893.4939","6152919942.15944","6334484928.864","6445982862.84833","6513972839.57656","6799291291.2685","7063118328.52025","7319079669.49785","7758134898.80043","8223015293.12993","8587736899.53825","8658299236.51445","8793805848.35044","9127421304.22395","9332535419.16495","9836177897.25051","10215973756.0959","10362664667.1318","10574781174.6497","11069241640.0097","11230497574.6836","11259313459.4032","11944237364.3416","11602287926.4632","12000822909.8146","12135183003.1667","12553176749.8331","12884669067.7356",
"Sint Maarten (Dutch part)","SXM","GDP, PPP (constant 2021 international $)","NY.GDP.MKTP.PP.KD","","","","","","","","","","","","","","","","","","","","","","","","","","","","","","","","","","","","","","","","","","","","","","","","","","1707402664.34984","1762039424.83535","1843093298.53652","1868722332.27754","1893141506.94385","1923060378.63178","1925095229.39475","1943725499.47426","1797261623.53916","1674023699.68631","1857580414.01304","1610210354.93476","1683919292.28275","1848943401.64251","1919203250.90493","1986375364.6866",
"Seychelles","SYC","GDP, PPP (constant 2021 international $)","NY.GDP.MKTP.PP.KD","","","","","","","","","","","","","","","","","","","","","","","","","","","","","","","1075888256.27019","1105587358.22452","1184891625.3785","1271428653.97734","1240449419.9454","1246466054.86781","1371087057.34599","1538272501.21873","1576228466.60951","1605735544.03299","1674030661.68622","1636010698.60561","1655852774.64824","1558370594.23847","1513949957.66088","1650292683.67165","1805521335.06998","1965780608.6428","1912194485.63125","1864783995.48965","1948794976.80544","2134121157.07031","2200506804.93759","2228095328.10173","2318638255.5212","2525321875.39859","2831328441.68385","3028223613.59189","3177801892.96287","3353035170.8655","2959393508.28619","2975737695.0276","3353967909.01052","3429742537.08762","3548606461.02571",
"Syrian Arab Republic","SYR","GDP, PPP (constant 2021 international $)","NY.GDP.MKTP.PP.KD","","","","","","","","","","","","","","","","","","","","","","","","","","","","","","","73316725295.5848","78937528716.2122","89177928601.8804","94663169864.4364","101491251953.397","108622625650.245","119295417122.728","125288585666.109","133789797737.791","129035644342.546","129907464111.245","131267968227.313","136459395744.727","146290524284.523","156388899832.974","166108591683.508","174490756054.935","184392394149.406","192647038185.698","204036413523.41","214629791994.395","220746747169.405","162604223734.974","119839170351.364","107483344543.95","102990764723.08","96393597835.5808","95696400507.7878","97029619867.4644","98214065502.817","97529361721.3717","99337766654.2033","100065695233.932","98857637916.0933","",
"Turks and Caicos Islands","TCA","GDP, PPP (constant 2021 international $)","NY.GDP.MKTP.PP.KD","","","","","","","","","","","","","","","","","","","","","","","","","","","","","","","","","","","","","","","","","","","","","","","","574756617.196337","622299870.298888","500638710.071393","505569625.154683","528929464.27426","514825265.915996","520338429.274804","565666649.052894","629670865.326288","675329472.694926","658512265.513403","1258660844.92249","1321363621.38268","874516799.278562","1133630688.91659","1293326643.15516","1470915240.12362","1553828160.67349",
"Chad","TCD","GDP, PPP (constant 2021 international $)","NY.GDP.MKTP.PP.KD","","","","","","","","","","","","","","","","","","","","","","","","","","","","","","","10200983128.0525","11071651030.3604","11957542915.0569","10079032408.4907","11100732598.2849","11237998631.396","11486861080.7254","12136258403.7777","12979920105.23","12891286692.5864","12777884489.616","14267547469.3856","15479034861.0338","17757806829.9626","23729645721.6533","27842594571.5747","27697389241.7763","28903946267.1341","29802385611.9615","29403485339.7129","33459516466.1828","34983125795.7506","38150036315.8079","39221042080.256","40030164715.0615","41355517703.9614","39647564444.8938","39002104605.091","41241260597.8634","43463610455.0489","43285890201.831","43413141699.6579","49011968064.8787","51030012222.2654","52894879067.6169",
"East Asia & Pacific (IDA & IBRD countries)","TEA","GDP, PPP (constant 2021 international $)","NY.GDP.MKTP.PP.KD","","","","","","","","","","","","","","","","","","","","","","","","","","","","","","","4018662866095.66","4328906616658.55","4771899728694.24","5266469433771.2","5802508803214.35","6358201486093.28","6915658276989.62","7374134986844.25","7443005123949.11","7880853427713.22","8462257053859.39","9007090240449.22","9700318765722.83","10529399396227.2","11445469276129.6","12521270726519","13811567135075.7","15414950465014.5","16670892749947.3","17894550382955.1","19597771397859.4","21189977781419.4","22764851797603.5","24373181093522","26022040113282.3","27708733805252.5","29469328389825","31395346476545.1","33412066993189.9","35345709289203.2","35638831976807.5","38194881908502.3","39633760927002.6","41676000595971.2","43736047462236.1",
"Europe & Central Asia (IDA & IBRD countries)","TEC","GDP, PPP (constant 2021 international $)","NY.GDP.MKTP.PP.KD","","","","","","","","","","","","","","","","","","","","","","","","","","","","","","","8327623674591.29","7811785182489.41","6972962000177.89","6525614386497.73","5850986346848.7","5749169515632.4","5724950151843.44","5851040625471.34","5774782821234.06","5938968262234.71","6390668350502.26","6618380168803.21","6949842887837.58","7404080316986.5","7997078835285.69","8510119677819.96","9190741745861.31","9917384829421.72","10377945837902","9797341838927.89","10236704932810.6","10797786460950.5","11153925513727.7","11472426089564.2","11645122861703","11694326575000.9","11878919471461.2","12331983262269.7","12778575029198.3","13126086788640.5","12883572743889","13780360306610.3","13832001174437.3","14370394521105.6","14909976406735.3",
"Togo","TGO","GDP, PPP (constant 2021 international $)","NY.GDP.MKTP.PP.KD","","","","","","","","","","","","","","","","","","","","","","","","","","","","","","","8682094114.98464","8621322278.29243","8278134439.18484","7028481545.52099","8081517772.78141","8715580106.41138","9485707209.37856","10849503150.2863","10599977969.3566","10863043075.0758","10777933347.5519","10866683027.4124","11282509973.4834","12040713984.5592","11922875690.9781","11366518616.039","11667746374.4709","11530636307.5087","11995971886.9541","12650211079.8735","13390799053.0381","14170579058.3912","15063707495.7898","15941057864.5667","16839055947.4004","17759820796.0042","18508378702.9471","19250219185.927","20173278798.0617","21166394368.2918","21588061755.9783","22881375789.0174","24199238355.6525","25749906711.9153","27114653136.0397",
"Thailand","THA","GDP, PPP (constant 2021 international $)","NY.GDP.MKTP.PP.KD","","","","","","","","","","","","","","","","","","","","","","","","","","","","","","","476330440729.816","517096039836.795","558894919190.714","605014457976.915","653397613421.481","706455560096.202","746384036022.706","725831790659.776","670421535643.795","701075271483.452","732309906787.877","757532483500.235","804113429017.035","861923099864.461","916132392623.264","954496704755.838","1001914296022.88","1056369857820.61","1074599620294.65","1067178239392.66","1147359508197.33","1156998843533.66","1240797911836.04","1274144300664.98","1286687854582.61","1327013259893.87","1372598258295.69","1429941035379.45","1490325590490.69","1521839386454.41","1429767518144.89","1451959884645.39","1489425948925.17","1519478855208.06","1557860310007.18",
"Tajikistan","TJK","GDP, PPP (constant 2021 international $)","NY.GDP.MKTP.PP.KD","","","","","","","","","","","","","","","","","","","","","","","","","","","","","","","22529307638.2711","20929726999.5681","14860105948.7911","12423048596.24","9776939492.07511","8563003180.32128","7132981783.18961","7252863963.13675","7638199027.01455","7920778073.85827","8580129343.23434","9402177479.50698","10417613000.7372","11563550334.7739","12754595896.799","13609153632.677","14561794823.9665","15697614837.5239","16937726138.3628","17598297652.2489","18742186838.7707","20129108777.2117","21638791827.4526","23240062367.9387","24797146706.9848","26289762181.4162","28103755771.934","30099122549.3957","32386655528.9152","34783268090.8793","36313732274.8975","39727222945.4623","42905400915.5615","46466548855.3976","50369738870.8902",
"Turkmenistan","TKM","GDP, PPP (constant 2021 international $)","NY.GDP.MKTP.PP.KD","","","","","","","","","","","","","","","","","","","","","","","","","","","","","","","29804326740.3652","28431759044.9348","24176665797.3288","24539315826.3363","20294048427.5638","18832868633.5211","20094669355.5921","17803877003.3068","19067952331.7629","22214164370.6353","23429071266.5706","24446793974.6902","24509666221.1008","25310845190.3874","26576490575.824","30040479624.705","33336914076.3533","37023743238.2639","42466233494.2887","45056673786.2155","49201887769.1652","56434565235.7443","62698801955.2154","69094079818.2233","76210770019.1493","81164470001.4359","86196667114.2781","91799450517.0719","97491016395.3094","103632950469.421","109747294597.405","116551626881.618","123777827673.938","131576025873.303","134555061341.164",
"Latin America & the Caribbean (IDA & IBRD countries)","TLA","GDP, PPP (constant 2021 international $)","NY.GDP.MKTP.PP.KD","","","","","","","","","","","","","","","","","","","","","","","","","","","","","","","5290174416207.77","5464109855624.35","5620187488944.61","5884952681017.3","6197353076554.05","6245882818868","6489478642671.33","6842769650365.57","7044314078185.54","7074452710896.77","7327850815129.53","7347616332236.46","7384452841111.17","7573236446210.13","7975834317227.55","8299272862657.87","8737885499022.08","9206609255431.82","9556973108504.31","9340802120274.93","9958939703130.99","10419723279782.5","10700235604188.4","11012883351774.2","11179031916986.3","11236297246008.3","11214785119813.4","11441064568387","11639870594421.8","11726778465385.1","10955629345002.9","11768936525743","12246001077993","12528888332744.7","12809090233718.6",
"Timor-Leste","TLS","GDP, PPP (constant 2021 international $)","NY.GDP.MKTP.PP.KD","","","","","","","","","","","","","","","","","","","","","","","","","","","","","","","1630800788.1947","1805529359.26774","1994379056.50659","2197900762.80389","2354453680.62551","2511760963.41396","2712254370.29346","2820744382.51194","2764329603.25721","1784307551.82645","2820599403.52415","3281806356.23135","3061805484.56755","2994988801.67504","3006968876.11679","3096714256.91662","2969250627.77542","3274055738.89593","3647128000.25875","4017200416.02379","4392065945.52059","4653768939.06634","4879971049.81757","5031463252.50475","5256495369.2751","5386858578.17205","5548999284.27063","5372407086.21886","5372413251.32003","6630203371.52856","8749343573.85605","9214418303.23059","7321630758.51343","5994600488.93535","5863371397.416",
"Middle East, North Africa, Afghanistan & Pakistan (IDA & IBRD)","TMN","GDP, PPP (constant 2021 international $)","NY.GDP.MKTP.PP.KD","","","","","","","","","","","","","","","","","","","","","","","","","","","","","","","2285620385374.92","2290749907078.54","2411096168339.38","2453619860780.08","2510242202066","2591819842136.39","2748967490898.51","2844382256856.76","3005502064459.08","3135050314540.21","3318487652098.1","3415185873358.64","3528318590511.18","3617758965651.82","3895570996134.63","4084236723098.15","4311922186136.23","4566819959766.91","4736280700479.31","4885907237819.23","5116235281406.67","5185135533334.13","5292796711432.1","5350033526661.17","5500408881166.6","5627497106195.16","5954393373141.68","6146389217425.83","6320913286393.11","6436705874656.92","6319835103609.07","6579122574750.65","6876385516976.83","7071908508876.85","7243872380212.76",
"Tonga","TON","GDP, PPP (constant 2021 international $)","NY.GDP.MKTP.PP.KD","","","","","","","","","","","","","","","","","","","","","","","","","","","","","","","447435576.094721","476138360.535696","477338102.531629","495181278.165668","519705236.161128","552073310.980638","552586287.436225","549267797.662268","561860182.135585","574796802.680637","596375234.793123","605276023.384572","632085051.85415","632412506.328502","619966960.832284","615889743.752932","602551644.823039","587702917.694853","616281978.03752","584671777.221842","589491793.310766","629009539.699924","634794924.289132","637295524.516075","649981132.185022","657220258.201734","700588243.454796","723023319.226896","727994440.800728","726477057.298404","739433019.345524","742114235.069721","724972402.211043","740081956.843763","",
"South Asia (IDA & IBRD)","TSA","GDP, PPP (constant 2021 international $)","NY.GDP.MKTP.PP.KD","","","","","","","","","","","","","","","","","","","","","","","","","","","","","","","2250638071187.94","2284530967640.36","2408328365753.1","2524001958025.66","2684462223328.97","2877479199204.76","3081302546345.42","3210430945203.88","3402655026796.58","3682301961775.24","3832561315287.65","4010193156197.17","4161183497389.56","4471274143820.54","4808771893384.8","5177439782518.08","5585060551735.68","6005910843321.76","6214492407092.92","6675611871241.69","7221716207333.18","7613856497651.78","8042593026923.15","8544947244766.84","9163945040257.42","9870527057768.61","10658482020343.6","11381747715346.5","12113012079563.1","12614716666057.8","11994670241540.6","13103387829233.9","14044379623965.4","15244494317897.1","16192534157864.1",
"Sub-Saharan Africa (IDA & IBRD countries)","TSS","GDP, PPP (constant 2021 international $)","NY.GDP.MKTP.PP.KD","","","","","","","","","","","","","","","","","","","","","","","","","","","","","","","1750369711989.2","1758562214340.24","1749628501918.26","1732411040889.54","1749021988586.42","1811182679212.38","1905432473603.86","1986093852264.76","2038710494081.44","2086032180124.1","2157279899087.32","2249333017840.91","2385498315704.13","2483217004943.13","2648588949228.47","2811519506020.86","2984065859720.62","3168499308756.01","3336506803785.04","3437348162878.49","3643692115210.36","3811331040995.98","3963109680487.48","4162346905926.22","4366434468051.5","4504554733135.1","4580453517305.27","4708365364658.01","4847551410475.5","4986803981857.6","4896660376100.04","5110493011427.91","5307372537790.99","5444530259274.65","5641600965418.32",
"Trinidad and Tobago","TTO","GDP, PPP (constant 2021 international $)","NY.GDP.MKTP.PP.KD","","","","","","","","","","","","","","","","","","","","","","","","","","","","","","","14882188253.5505","15345382651.3506","16894188978.5381","16781147465.4092","17379761303.2292","18041915113.4556","19329111481.445","20783212438.7447","22471757833.8686","24275075421.3256","25950385667.0718","27032133716.9873","29177595692.3477","33391129234.0036","36045741208.1112","38283798887.9432","43340345481.3495","45400836390.6391","46940713392.2561","44879204353.2414","46370641162.0825","46234147135.3201","49336497089.0785","50986608765.458","52870750137.3669","52572127177.2027","48679974310.7113","46334286468.7592","45877650453.6435","46094107348.8344","41990443713.3653","41607493861.9341","42057779455.4175","42657991660.8026","43362105898.4294",
"Tunisia","TUN","GDP, PPP (constant 2021 international $)","NY.GDP.MKTP.PP.KD","","","","","","","","","","","","","","","","","","","","","","","","","","","","","","","56128641746.2531","58320209991.2682","62872527463.8143","64249328216.1451","66291436138.5367","67850391855.9123","72699035794.9194","76654549258.347","80321520823.6446","85184695317.4753","89196871393.6356","92583026945.7652","93807490386.7392","98218693376.4658","104343405545.527","107981385901.035","113644037578.169","121269008115.786","126408123676.667","130255291873.091","134125349509.407","131380294644.082","136920177462.427","140247243251.186","144581343121.672","145980461272.967","147611684827.57","150914996206.339","154876409380.308","157335609265.519","143156627805.07","149936984870.616","153945277603.29","154005557289.819","156085637253.243",
"Turkiye","TUR","GDP, PPP (constant 2021 international $)","NY.GDP.MKTP.PP.KD","","","","","","","","","","","","","","","","","","","","","","","","","","","","","","","672761611106.431","677607371950.863","711729205521.844","766185494563.632","730418826596.205","787963171069.389","846112209271.085","910227746541.109","932110989247.673","901694637937.959","964211288589.354","908769076294.862","967363980381.772","1023115159984.73","1123338870245.12","1224352926925.16","1309420822415.08","1375461565451.23","1386671915201.93","1319790593908.48","1431010724099.15","1591285507657.86","1667484098204.53","1808983747224.41","1898342391652.7","2013846785874.17","2080768610398.09","2236867819305.69","2304268458170.27","2323129230235.18","2366336484467.21","2637031078345.11","2782949291104.77","2925190509873.26","3018329288131.69",
"Tuvalu","TUV","GDP, PPP (constant 2021 international $)","NY.GDP.MKTP.PP.KD","","","","","","","","","","","","","","","","","","","","","","","","","","","","","","","26255744.2820016","27203362.2268017","27962006.5681544","29111475.3801194","32105118.0898766","30498432.8554643","28680308.2839971","31549286.3606269","36439793.6509705","35869922.3497403","35521808.6252132","35521808.6252132","38904838.0180907","37213323.3216519","36367565.9734326","34676051.2769938","35521808.6252132","38059080.6698713","40596352.7145294","38059080.6698713","37213323.3216519","39750595.36631","38904838.0180907","40596352.7145294","40596352.7145294","44825139.4556262","47362411.5002843","48522029.4004279","49195167.6738756","55994972.1778245","53601225.1551592","54568264.1071132","54937860.0682851","57054510.9926258","",
"Tanzania","TZA","GDP, PPP (constant 2021 international $)","NY.GDP.MKTP.PP.KD","","","","","","","","","","","","","","","","","","","","","","","","","","","","","","","45548129428.1548","46491881301.4301","46763543653.4223","47327418840.9974","48069352690.1593","49785386216.9528","52047816781.4102","53882647114.4695","55880891332.3396","58598861751.0546","61247990089.9863","64966238148.1991","69574420093.5316","74216974922.1865","79786079165.5657","85751141168.8186","91352595553.1122","97535828141.9214","103082121917","108513627413.436","115389618835.616","124242489748.378","129833592573.948","138638368792.753","147972144106.593","157088158594.028","167875584975.536","179227797329.556","189028119923.261","199991750878.748","203975515772.129","212790081675.953","222506089071.156","233786087616.827","246705840510.802",
"Uganda","UGA","GDP, PPP (constant 2021 international $)","NY.GDP.MKTP.PP.KD","","","","","","","","","","","","","","","","","","","","","","","","","","","","","","","18976161859.31","20030116010.2769","20714816861.9274","22439593108.7076","23876542912.9441","26627895166.6682","29043608326.1892","30524832892.4193","32022156984.4972","34601204977.308","35688342775.5911","37538305526.1714","40816407789.0528","43458559445.72","46416884994.9654","49356264462.1979","54679211422.7984","59279059602.2664","64441525832.5968","68824527391.806","72704586957.4991","79532751291.9507","82584785315.0513","85547023791.0966","89915317733.6013","94579998410.3165","99101868411.0026","102205149786.109","108648084530.548","115643657676.452","119056656372.302","123267190675.87","128922716406.488","135803286914.102","144136790455.083",
"Ukraine","UKR","GDP, PPP (constant 2021 international $)","NY.GDP.MKTP.PP.KD","","","","","","","","","","","","","","","","","","","","","","","","","","","","","","","1187655664310.51","1084329621518.8","976980988966.299","838249688539.295","646290509870.265","567443067661.32","510698760895.188","495377798076.383","485965619902.323","484993688662","513608316294.266","558805848147.022","588644109011.223","644663072355.381","720703354358.266","742837814816.739","799081191364.895","864732459089.884","884132659139.896","750306202906.028","781008765492.42","823536885927.983","824791255865.669","825166033543.79","741998415578.487","669483005304.321","685824964588.112","702010243648.534","726498904612.503","749743265134.165","721606765377.531","746470597165.436","531796221835.605","561229725729.659","577582962153.5",
"Upper middle income","UMC","GDP, PPP (constant 2021 international $)","NY.GDP.MKTP.PP.KD","","","","","","","","","","","","","","","","","","","","","","","","","","","","","","","12426953603086.7","12664043317902.5","13077418942471.7","13659414199626.8","14173885062541.5","14708969792066.1","15541828236366.4","16405340181226.2","16747247413960.4","17231709418784.9","18245281128644.9","18848575552202","19733502791730.3","20844402825523.5","22473732433071.4","24063254030585.1","26021590387287.6","28333329556855.6","29989596357205.9","30766551372521.1","33270486357929","35473856298360.5","37390693130906.2","39386589266974.7","41176696291279.6","42841911498146.2","44717023882271.4","46979239166463.6","49172351911752.6","51105727290717.1","50665444496540.8","54394021815146.4","56154887929723.1","58667945345523.3","61036787541248.5",
"Uruguay","URY","GDP, PPP (constant 2021 international $)","NY.GDP.MKTP.PP.KD","","","","","","","","","","","","","","","","","","","","","","","","","","","","","","","43650530878.9193","45195239577.9276","48779939963.9495","50076289359.4513","53722515571.1646","52944828989.6656","55898069188.8563","60676059058.6604","63417943482.5852","62453390858.6894","61248083735.6038","58893627799.1627","54339968248.3204","54777559272.5259","57518716177.4314","61809688403.8897","64343006295.6701","68552011030.5314","73471402512.5413","76589157212.87","82565722898.2219","86827875346.9805","89900000756.0293","94069148018.5831","97115851334.2966","97475899862.9413","99123045893.2268","100848160024.36","101014335211.108","101952102944.884","94451153281.7393","99971136649.7861","104456068805.088","105231267359.7","108502123258.158",
"United States","USA","GDP, PPP (constant 2021 international $)","NY.GDP.MKTP.PP.KD","","","","","","","","","","","","","","","","","","","","","","","","","","","","","","","11077900302950.5","11065901509876.9","11455697578170.6","11770934990578.1","12245188636415.1","12573902243559.2","13048286993645.1","13628561009976.9","14239547573780.2","14921397636737.7","15529830421976.7","15678223906088.6","15944823845553.3","16390578292122.2","17021250324169","17614194078848.6","18104668294919.9","18467460193070.7","18488436872909.2","18012082253939.3","18497542558774","18786919382639","19216973269103.9","19623956112895.6","20119229405509.8","20711851459007.1","21088693546127.4","21606973981864.9","22247945960330.3","22822794023500.1","22329130338514.2","23681171000000","24276130895651.5","24977117772096.1","25675525530499.7",
"Uzbekistan","UZB","GDP, PPP (constant 2021 international $)","NY.GDP.MKTP.PP.KD","","","","","","","","","","","","","","","","","","","","","","","","","","","","","","","86251276066.5677","85826919783.867","76214304770.3775","74461375757.3132","70589384223.0953","69954079761.2322","71143299119.3152","74842750671.0751","78060988950.7268","81417611477.0085","84539976877.266","88060084771.0134","91559141841.5693","95434499149.462","102543415569.054","109670190329.81","117842175154.949","129005370659.429","140653473297.94","151977390655.745","163523368286.61","175828730509.933","188316869190.024","202057504405.115","215946610815.468","231535307548.888","245270331147.776","256050635796.198","270284991805.951","288610108824.482","293122074101.798","316673503929.41","335678164943.395","356797075898.787","379988885832.125",
"St. Vincent and the Grenadines","VCT","GDP, PPP (constant 2021 international $)","NY.GDP.MKTP.PP.KD","","","","","","","","","","","","","","","","","","","","","","","","","","","","","","","834942552.411752","844423952.97463","898280811.336218","936464310.220364","924780762.686118","996605250.052854","1009440648.69222","1044823066.3993","1087558366.52268","1117034577.4395","1135343130.54182","1155191551.33668","1216903351.96143","1298330451.98924","1351752839.57502","1385391984.07456","1482326839.71733","1531584095.12521","1537781509.39271","1516587902.96207","1448789327.05288","1440005655.63378","1456840937.20069","1492715414.69273","1511378154.38572","1553442244.67849","1617846898.85969","1641286760.33628","1693407650.5001","1704726869.5369","1631953369.20067","1666116701.3437","1717946809.56485","1809450922.35483","1882947831.4265",
"Venezuela, RB","VEN","GDP, PPP (constant 2021 international $)","NY.GDP.MKTP.PP.KD","","","","","","","","","","","","","","","","","","","","","","","","","","","","","","","","","","","","","","","","","","","","","","","","","","","","","","","","","","","","","","","","","",
"British Virgin Islands","VGB","GDP, PPP (constant 2021 international $)","NY.GDP.MKTP.PP.KD","","","","","","","","","","","","","","","","","","","","","","","","","","","","","","","","","","","","","","","","","","","","","","","","","","","","","","","","","","","","","","","","","",
"Virgin Islands (U.S.)","VIR","GDP, PPP (constant 2021 international $)","NY.GDP.MKTP.PP.KD","","","","","","","","","","","","","","","","","","","","","","","","","","","","","","","","","","","","","","","","","","","5891955133.95725","5868618225.98452","6061454781.33813","6272715211.40706","6492573449.67647","6752964212.31957","6835257519.3813","6384486718.0133","6422562725.75828","5895639908.90031","5022348247.39445","4706685860.60542","4623164295.22933","4603512162.19966","4677207661.06091","4642816428.259","4730022768.57815","4867587699.78582","4788979167.66715","4964620106.61981","4899522415.95903","","",
"Viet Nam","VNM","GDP, PPP (constant 2021 international $)","NY.GDP.MKTP.PP.KD","","","","","","","","","","","","","","","","","","","","","","","","","","","","","","","161662915527.566","171299389618.391","186110016142.367","201134176471.976","218912388019.209","239797680998.61","262194826367.016","283569169231.976","299915387686.359","314232109294.403","335560036797.161","356340911874.838","378864583034.311","405002691161.065","435525356944.074","468395534555.077","501079963291.044","536804481752.599","567197123348.626","597813842917.616","636212889630.382","677014296785.697","714280851405.542","753948515703.971","802368922391.051","858431677101.791","915860832928.699","979423318291.117","1052537336148.14","1129996323741.92","1162375387665.02","1192059299524.62","1293831367795.1","1359364235987.88","1455759302312.16",
"Vanuatu","VUT","GDP, PPP (constant 2021 international $)","NY.GDP.MKTP.PP.KD","","","","","","","","","","","","","","","","","","","","","","","","","","","","","","","459244127.424343","473699472.297558","485946563.481599","489520447.741711","533976081.221148","539336907.611316","551889086.476098","578969250.138082","585782875.007969","587758680.940389","622582260.499281","601429514.634556","570165291.350978","594615889.764668","618325560.953701","651129750.625783","706219868.976771","726529991.723259","767222877.140221","790525764.754933","800477434.341016","825610848.040175","833949911.313769","837814355.269824","859388412.693669","893471065.027904","924488312.56993","965282893.880472","993278320.58468","1025472334.89528","974275716.46994","959152084.296053","1008895904.24167","999162154.427546","1038801497.99019",
"World","WLD","GDP, PPP (constant 2021 international $)","NY.GDP.MKTP.PP.KD","","","","","","","","","","","","","","","","","","","","","","","","","","","","","","","59450691733615.8","59956728777197.2","60735016156341.5","61659696904337.1","63301789215846.5","65257401799148.3","67671340755733.8","70345422856259.9","72111307656055.2","74721370757909.8","78305271853592.6","80197467787769.6","82411804406798.7","85448699903244","89851986544680.7","93977646358718.7","98867655498108.5","104017576103367","106935597383350","106213475328410","111633961073926","116041470512902","119666103827672","123564500345303","127814873601527","132067674900612","136355277726539","141550520008885","146737068432935","151089873342534","146874751012437","156452752228549","162057624855014","167632809575325","173162690958765",
"Samoa","WSM","GDP, PPP (constant 2021 international $)","NY.GDP.MKTP.PP.KD","","","","","","","","","","","","","","","","","","","","","","","","","","","","","","","674634233.422747","659117562.490792","657799412.09491","684769128.855548","667361609.537791","711898941.85506","763005944.90531","767915315.939302","784770210.250763","801920848.18229","842763035.378242","905044311.377246","956197046.588285","1006040050.43157","1037099124.88657","1105954247.45651","1129534598.19742","1135023939.24107","1175386578.59487","1169019772.76365","1240618959.68539","1288371350.46403","1240287654.09051","1241618399.35247","1249812134.28738","1297934423.48583","1401559728.10942","1421269615.88729","1412604886.84281","1475492063.4581","1429627218.78567","1328426324.85394","1257936159.66939","1373775088.27203","1503216991.36824",
"Kosovo","XKX","GDP, PPP (constant 2021 international $)","NY.GDP.MKTP.PP.KD","","","","","","","","","","","","","","","","","","","","","","","","","","","","","","","","","","","","","","","","","","","","","","","","","12783215864.1531","13426832137.1099","14090111060.1128","14980579340.1627","15237076214.2456","16050857846.4579","16588369741.9438","17569776062.0314","18548724460.525","19443822031.0101","20106201546.9493","21062613456.7557","19937811875.2436","22080260569.6251","23024964288.081","23961533955.5107","25018893738.65",
"Yemen, Rep.","YEM","GDP, PPP (constant 2021 international $)","NY.GDP.MKTP.PP.KD","","","","","","","","","","","","","","","","","","","","","","","","","","","","","","","","","","","","","","","","","","","","","","","","","","","","","","","","","","","","","","","","","",
"South Africa","ZAF","GDP, PPP (constant 2021 international $)","NY.GDP.MKTP.PP.KD","","","","","","","","","","","","","","","","","","","","","","","","","","","","","","","441053282325.766","436562279474.294","427232800173.025","432502964296.065","446343059166.392","460179694002.979","479967420832.534","492446573781.204","494908806651.792","506786617998.881","528071655958.271","542329590670.153","562397816028.991","578983352051.495","605353495673.497","637298314260.286","673011278357.64","709087873314.102","731715178544.19","720460746881.984","742360829101.668","765882949761.949","784235285032.714","803727202151.735","815090509939.588","825864883586.076","831353187729.737","840979816625.89","854072054569.475","856292091691.459","803468137157.738","843280245239.583","859399378136.802","865402155548.051","870420221900.274",
"Zambia","ZMB","GDP, PPP (constant 2021 international $)","NY.GDP.MKTP.PP.KD","","","","","","","","","","","","","","","","","","","","","","","","","","","","","","","18882326322.7063","18875503499.2502","18548783223.817","19809594852.308","18100929747.3339","18625434758.0416","19783666077.2382","20538216584.6418","20458991205.7525","21410373117.0139","22244804500.7749","23427531453.9309","24483179366.7729","26183529803.8137","28024859074.7115","30052625499.5098","32427893191.6314","35136412295.8885","37867880381.0486","41359430886.098","45618717444.334","48159338865.8523","51818187350.1798","54438911322.4803","56993883582.1163","58658318773.7131","60860997487.8084","63006872740.5941","65548881175.7971","66493641150.1842","64641756629.1277","68672119764.9363","72250777479.1933","76129157926.5195","79207172680.6068",
"Zimbabwe","ZWE","GDP, PPP (constant 2021 international $)","NY.GDP.MKTP.PP.KD","","","","","","","","","","","","","","","","","","","","","","","","","","","","","","","40683908250.8476","42934453516.4581","39063667773.368","39474406086.0937","43119945973.2143","43188086564.1503","47662673252.2129","48940316096.8323","50352347869.954","49940555778.4415","48412779415.3807","49109737241.3634","44741905605.7917","37137985313.5073","34981182695.546","32983378070.2784","31841660025.5973","30678380115.0596","25257833597.584","28610073120.7832","34239221638.0495","39099107904.3905","45615141963.9153","46522648617.1984","47628485323.9283","48476202606.4532","48842582863.5377","51154991589.4743","53717816451.0148","50316162716.8739","46382982069.2527","50310711158.7869","53399374351.456","56249176341.423","57390744456.0491",
